abb,rival,is_local,jornada,base_puntos,base_x3pt,base_rebotes,base_asistencias,base_valoracion,alero_puntos,alero_x3pt,alero_rebotes,alero_asistencias,alero_valoracion,pivot_puntos,pivot_x3pt,pivot_rebotes,pivot_asistencias,pivot_valoracion,base_puntos_encontra,base_x3pt_encontra,base_rebotes_encontra,base_asistencias_encontra,base_valoracion_encontra,alero_puntos_encontra,alero_x3pt_encontra,alero_rebotes_encontra,alero_asistencias_encontra,alero_valoracion_encontra,pivot_puntos_encontra,pivot_x3pt_encontra,pivot_rebotes_encontra,pivot_asistencias_encontra,pivot_valoracion_encontra,id_match,equipo.x,logo,color,equipo.y,logo_rival,color_rival
BAR,Todos,Todas,All Jor.,16,2,7,9,23,38,6,10,5,37,35,3,14,4,39,23,3,4,9,23,32,4,13,5,30,29,2,14,3,32,NA,Barça,https://static.acb.com/img/www/clubes2024/2324BarcaLogoweb.png,#154284,NA,NA,NA
BAR,Todos,Todas Local,All Jor.,17,1,8,10,25,39,5,9,6,40,39,4,14,5,49,21,3,6,10,21,31,4,12,5,26,32,3,13,3,34,NA,Barça,https://static.acb.com/img/www/clubes2024/2324BarcaLogoweb.png,#154284,NA,NA,NA
BAR,Todos,Todas  Visitante,All Jor.,14,2,7,9,21,38,7,11,5,34,31,2,15,3,31,25,3,3,8,25,32,5,13,5,33,26,1,15,2,30,NA,Barça,https://static.acb.com/img/www/clubes2024/2324BarcaLogoweb.png,#154284,NA,NA,NA
BAR,COV,Local,Jor. 1,13,1,12,11,21,39,5,7,4,44,39,2,10,3,51,24,4,6,7,28,23,3,14,5,2,18,2,10,1,16,104056,Barça,https://static.acb.com/img/www/clubes2024/2324BarcaLogoweb.png,#154284,Coviran Granada,https://static.acb.com/img/www/clubes2023/coviran-granada_logopositivo.png,#C2213C
BAR,HIO,Visitante,Jor. 2,6,0,8,6,2,43,6,12,7,48,29,1,19,2,34,8,0,1,2,10,37,3,13,6,25,19,2,14,1,20,104069,Barça,https://static.acb.com/img/www/clubes2024/2324BarcaLogoweb.png,#154284,Hiopos Lleida,https://static.acb.com/img/www/clubes2024/2425HioposLleida_positivo.png,#AB1254
BAR,LLT,Visitante,Jor. 3,34,5,5,15,38,29,6,11,3,39,32,3,9,6,32,10,2,4,14,17,32,7,10,4,33,39,1,9,2,46,104078,Barça,https://static.acb.com/img/www/clubes2024/2324BarcaLogoweb.png,#154284,La Laguna Tenerife,https://static.acb.com/img/www/clubes2024/2425LaLagunaTenerifeLogo.png,#E9CD5F
BAR,BKN,Local,Jor. 4,11,0,8,14,18,33,4,2,5,29,45,6,14,4,48,23,0,8,6,30,27,6,6,8,26,43,3,14,5,48,104087,Barça,https://static.acb.com/img/www/clubes2024/2324BarcaLogoweb.png,#154284,Baskonia,https://static.acb.com/logos/1718/baskonia_00.png,#C8102E
BAR,UNI,Visitante,Jor. 5,16,0,8,17,34,35,5,10,3,31,45,3,11,2,36,24,1,4,11,28,47,4,8,4,53,32,2,17,2,31,104096,Barça,https://static.acb.com/img/www/clubes2024/2324BarcaLogoweb.png,#154284,Unicaja,https://static.acb.com/img/www/clubes2024/2324UnicajaLogo.png,#3D9C35
BAR,COR,Local,Jor. 6,21,1,7,5,31,35,3,11,8,40,50,7,15,4,64,15,5,2,10,9,31,5,10,4,17,34,1,18,6,34,104103,Barça,https://static.acb.com/img/www/clubes2024/2324BarcaLogoweb.png,#154284,Leyma Coruña,https://static.acb.com/img/www/clubes2024/2425BCoruna.png,#E85204
BAR,BRE,Visitante,Jor. 7,9,1,10,5,13,27,4,7,7,17,34,2,19,1,43,25,2,2,8,22,26,4,10,4,23,26,2,15,3,31,104114,Barça,https://static.acb.com/img/www/clubes2024/2324BarcaLogoweb.png,#154284,Río Breogán,https://static.acb.com/logos/1718/breogan_00.png,#85ADEA
BAR,VBC,Local,Jor. 8,13,0,6,12,26,40,6,4,4,33,49,5,20,7,63,29,4,8,15,39,40,7,11,4,48,30,3,12,4,17,104123,Barça,https://static.acb.com/img/www/clubes2024/2324BarcaLogoweb.png,#154284,Valencia Basket,https://static.acb.com/img/23/2/25/1654748673.png,#FC6C0F
BAR,BAX,Visitante,Jor. 9,21,1,5,5,28,30,5,13,6,24,21,0,16,3,22,32,5,4,7,25,22,5,4,2,18,31,2,25,4,31,104128,Barça,https://static.acb.com/img/www/clubes2024/2324BarcaLogoweb.png,#154284,BAXI Manresa,https://static.acb.com/img/5b/60/d/75575.png,#B32836
BAR,UCM,Local,Jor. 10,13,1,8,10,20,27,4,17,3,29,46,4,14,4,52,19,5,3,5,11,34,1,13,6,31,26,2,13,3,31,104140,Barça,https://static.acb.com/img/www/clubes2024/2324BarcaLogoweb.png,#154284,UCAM Murcia,https://static.acb.com/img/www/clubes2024/2425UCAMMurcianegativo.png,#A51A14
BAR,CAZ,Visitante,Jor. 11,9,0,5,10,19,73,13,5,6,59,13,0,16,2,12,45,5,4,10,50,29,1,21,5,34,42,3,21,4,48,104150,Barça,https://static.acb.com/img/www/clubes2024/2324BarcaLogoweb.png,#154284,Casademont Zaragoza,https://static.acb.com/img/www/clubes2024/2425CasademontZaragoza.png,#C8102E
BAR,MBA,Local,Jor. 12,30,5,4,7,36,54,6,14,11,65,21,0,9,4,26,17,3,5,13,9,35,4,15,2,32,27,1,12,1,37,104157,Barça,https://static.acb.com/img/www/clubes2024/2324BarcaLogoweb.png,#154284,MoraBanc Andorra,https://static.acb.com/img/10/45/4d/75539.png,#0165BA
BAR,RMB,Visitante,Jor. 13,16,4,8,5,26,19,3,18,3,16,36,4,19,6,31,20,4,2,7,20,42,6,26,8,47,11,0,10,1,16,104168,Barça,https://static.acb.com/img/www/clubes2024/2324BarcaLogoweb.png,#154284,Real Madrid,https://static.acb.com/img/www/clubes2023/RealMadridLogo202223.png,#FFFFFF
BAR,GIR,Visitante,Jor. 14,8,1,10,10,15,46,11,11,9,40,36,0,13,2,45,46,6,4,9,41,25,4,17,9,37,11,0,8,2,14,104175,Barça,https://static.acb.com/img/www/clubes2024/2324BarcaLogoweb.png,#154284,Bàsquet Girona,https://static.acb.com/img/www/clubes2023/BASQUET-GIRONA-Logonegativo2223.png,#D5001E
BAR,JOV,Local,Jor. 15,21,2,9,8,26,43,7,10,5,43,26,3,15,6,38,19,3,7,12,18,27,5,16,8,23,45,6,14,2,54,104183,Barça,https://static.acb.com/img/www/clubes2024/2324BarcaLogoweb.png,#154284,Joventut Badalona,https://static.acb.com/img/e/53/16/1453195579.png,#2F8E62
BAR,DGC,Visitante,Jor. 16,8,2,4,10,13,38,7,12,1,36,31,5,13,2,28,16,4,3,3,15,31,7,12,6,27,27,1,15,3,34,104193,Barça,https://static.acb.com/img/www/clubes2024/2324BarcaLogoweb.png,#154284,Dreamland Gran Canaria,https://static.acb.com/img/25/56/4a/75557.png,#FFB718
BAX,Todos,Todas,All Jor.,25,3,6,9,22,26,4,10,4,23,35,2,18,4,40,19,2,4,7,20,36,4,12,6,33,24,1,16,3,27,NA,BAXI Manresa,https://static.acb.com/img/5b/60/d/75575.png,#B32836,NA,NA,NA
BAX,Todos,Todas Local,All Jor.,26,2,7,8,23,26,4,10,3,24,36,2,20,4,43,15,1,4,6,15,38,4,13,6,35,24,1,15,2,24,NA,BAXI Manresa,https://static.acb.com/img/5b/60/d/75575.png,#B32836,NA,NA,NA
BAX,Todos,Todas  Visitante,All Jor.,23,3,6,9,20,25,4,10,4,23,33,2,17,4,36,23,2,4,7,25,34,4,11,5,31,24,1,17,3,30,NA,BAXI Manresa,https://static.acb.com/img/5b/60/d/75575.png,#B32836,NA,NA,NA
BAX,VBC,Local,Jor. 1,11,1,5,5,0,32,2,16,3,34,34,2,19,4,43,15,0,7,10,14,38,5,12,3,39,20,1,21,2,17,104055,BAXI Manresa,https://static.acb.com/img/5b/60/d/75575.png,#B32836,Valencia Basket,https://static.acb.com/img/23/2/25/1654748673.png,#FC6C0F
BAX,GIR,Visitante,Jor. 2,18,3,4,6,3,24,2,8,6,24,38,2,27,4,56,36,1,6,15,44,27,5,17,2,20,21,1,15,0,23,104067,BAXI Manresa,https://static.acb.com/img/5b/60/d/75575.png,#B32836,Bàsquet Girona,https://static.acb.com/img/www/clubes2023/BASQUET-GIRONA-Logonegativo2223.png,#D5001E
BAX,DGC,Local,Jor. 3,23,4,8,6,21,16,3,6,2,2,40,2,24,5,57,7,0,3,4,9,28,2,14,3,20,23,2,21,4,22,104075,BAXI Manresa,https://static.acb.com/img/5b/60/d/75575.png,#B32836,Dreamland Gran Canaria,https://static.acb.com/img/25/56/4a/75557.png,#FFB718
BAX,HIO,Visitante,Jor. 4,17,1,3,13,20,19,4,15,4,15,45,5,15,1,48,10,0,2,5,12,48,5,12,7,40,13,2,3,2,4,104084,BAXI Manresa,https://static.acb.com/img/5b/60/d/75575.png,#B32836,Hiopos Lleida,https://static.acb.com/img/www/clubes2024/2425HioposLleida_positivo.png,#AB1254
BAX,RMB,Visitante,Jor. 5,13,1,8,5,1,25,3,14,5,23,23,1,15,1,8,3,0,2,1,4,65,8,17,11,67,18,0,19,5,37,104092,BAXI Manresa,https://static.acb.com/img/5b/60/d/75575.png,#B32836,Real Madrid,https://static.acb.com/img/www/clubes2023/RealMadridLogo202223.png,#FFFFFF
BAX,UNI,Local,Jor. 6,22,2,10,14,32,37,6,13,7,50,50,5,13,5,56,23,2,2,7,26,21,0,9,2,4,25,1,10,2,15,104099,BAXI Manresa,https://static.acb.com/img/5b/60/d/75575.png,#B32836,Unicaja,https://static.acb.com/img/www/clubes2024/2324UnicajaLogo.png,#3D9C35
BAX,COV,Local,Jor. 7,23,0,8,7,14,28,5,16,1,29,42,1,17,2,56,18,2,2,8,12,42,7,13,3,22,26,1,13,3,33,104106,BAXI Manresa,https://static.acb.com/img/5b/60/d/75575.png,#B32836,Coviran Granada,https://static.acb.com/img/www/clubes2023/coviran-granada_logopositivo.png,#C2213C
BAX,LLT,Visitante,Jor. 8,42,4,6,13,48,5,1,3,4,-9,39,1,21,5,48,36,4,8,13,39,21,3,7,2,19,37,1,12,6,50,104117,BAXI Manresa,https://static.acb.com/img/5b/60/d/75575.png,#B32836,La Laguna Tenerife,https://static.acb.com/img/www/clubes2024/2425LaLagunaTenerifeLogo.png,#E9CD5F
BAX,BAR,Local,Jor. 9,32,5,4,7,25,22,5,4,2,18,31,2,25,4,31,21,1,5,5,28,30,5,13,6,24,21,0,16,3,22,104128,BAXI Manresa,https://static.acb.com/img/5b/60/d/75575.png,#B32836,Barça,https://static.acb.com/img/www/clubes2024/2324BarcaLogoweb.png,#154284
BAX,COR,Visitante,Jor. 10,31,6,13,8,32,30,4,12,4,36,28,2,13,8,25,23,2,4,5,23,21,4,8,2,13,30,2,23,4,38,104134,BAXI Manresa,https://static.acb.com/img/5b/60/d/75575.png,#B32836,Leyma Coruña,https://static.acb.com/img/www/clubes2024/2425BCoruna.png,#E85204
BAX,MBA,Local,Jor. 11,47,6,4,12,49,32,4,5,3,29,28,2,12,1,21,14,2,1,11,21,62,5,15,7,68,35,1,12,1,32,104142,BAXI Manresa,https://static.acb.com/img/5b/60/d/75575.png,#B32836,MoraBanc Andorra,https://static.acb.com/img/10/45/4d/75539.png,#0165BA
BAX,SBB,Visitante,Jor. 12,26,1,7,7,17,22,3,7,2,12,25,2,13,4,23,32,5,6,5,31,27,0,3,7,22,29,1,20,2,38,104158,BAXI Manresa,https://static.acb.com/img/5b/60/d/75575.png,#B32836,Surne Bilbao Basket,https://static.acb.com/img/www/clubes2022/logo_surnebb_neg.png,#000000
BAX,BKN,Local,Jor. 13,36,2,8,6,33,12,2,8,4,4,32,2,23,5,41,11,0,5,5,8,53,6,11,12,64,18,0,18,3,25,104167,BAXI Manresa,https://static.acb.com/img/5b/60/d/75575.png,#B32836,Baskonia,https://static.acb.com/logos/1718/baskonia_00.png,#C8102E
BAX,BRE,Visitante,Jor. 14,17,3,6,12,21,39,8,10,8,46,32,3,16,3,36,19,2,4,9,14,29,6,10,6,32,18,1,15,2,20,104172,BAXI Manresa,https://static.acb.com/img/5b/60/d/75575.png,#B32836,Río Breogán,https://static.acb.com/logos/1718/breogan_00.png,#85ADEA
BAX,UCM,Local,Jor. 15,15,0,8,9,12,31,4,10,3,27,34,4,23,3,40,11,1,4,2,4,33,3,14,10,39,25,1,11,1,26,104178,BAXI Manresa,https://static.acb.com/img/5b/60/d/75575.png,#B32836,UCAM Murcia,https://static.acb.com/img/www/clubes2024/2425UCAMMurcianegativo.png,#A51A14
BAX,CAZ,Visitante,Jor. 16,21,2,2,10,21,37,6,15,3,34,35,3,19,7,47,28,2,3,6,30,35,4,12,5,33,29,0,27,2,30,104189,BAXI Manresa,https://static.acb.com/img/5b/60/d/75575.png,#B32836,Casademont Zaragoza,https://static.acb.com/img/www/clubes2024/2425CasademontZaragoza.png,#C8102E
BKN,Todos,Todas,All Jor.,20,2,6,6,20,39,6,12,6,36,26,2,15,4,34,18,2,4,10,22,33,5,11,6,32,35,3,16,2,40,NA,Baskonia,https://static.acb.com/logos/1718/baskonia_00.png,#C8102E,NA,NA,NA
BKN,Todos,Todas Local,All Jor.,24,2,5,8,24,41,7,13,5,40,24,1,14,3,33,19,3,4,11,23,38,6,11,6,37,33,4,16,3,36,NA,Baskonia,https://static.acb.com/logos/1718/baskonia_00.png,#C8102E,NA,NA,NA
BKN,Todos,Todas  Visitante,All Jor.,17,2,6,5,16,36,5,10,7,32,27,2,16,4,35,18,1,4,10,20,28,3,11,6,28,36,2,16,2,44,NA,Baskonia,https://static.acb.com/logos/1718/baskonia_00.png,#C8102E,NA,NA,NA
BKN,LLT,Visitante,Jor. 1,12,1,4,6,10,40,6,13,7,35,28,4,12,2,27,16,4,2,10,17,36,4,14,4,46,28,0,13,2,37,104057,Baskonia,https://static.acb.com/logos/1718/baskonia_00.png,#C8102E,La Laguna Tenerife,https://static.acb.com/img/www/clubes2024/2425LaLagunaTenerifeLogo.png,#E9CD5F
BKN,MBA,Local,Jor. 2,20,3,5,8,19,49,9,15,6,50,22,0,12,4,30,17,4,4,14,18,48,8,12,5,50,30,1,19,2,34,104061,Baskonia,https://static.acb.com/logos/1718/baskonia_00.png,#C8102E,MoraBanc Andorra,https://static.acb.com/img/10/45/4d/75539.png,#0165BA
BKN,UCM,Local,Jor. 3,18,1,5,6,20,32,4,17,7,37,45,3,11,3,53,24,6,2,7,18,24,3,11,9,27,44,4,19,4,47,104070,Baskonia,https://static.acb.com/logos/1718/baskonia_00.png,#C8102E,UCAM Murcia,https://static.acb.com/img/www/clubes2024/2425UCAMMurcianegativo.png,#A51A14
BKN,BAR,Visitante,Jor. 4,23,0,8,6,30,27,6,6,8,26,43,3,14,5,48,11,0,8,14,18,33,4,2,5,29,45,6,14,4,48,104087,Baskonia,https://static.acb.com/logos/1718/baskonia_00.png,#C8102E,Barça,https://static.acb.com/img/www/clubes2024/2324BarcaLogoweb.png,#154284
BKN,JOV,Local,Jor. 5,32,3,3,4,20,30,6,9,2,18,17,2,21,8,43,16,1,6,7,22,31,5,8,9,28,35,3,17,3,47,104089,Baskonia,https://static.acb.com/logos/1718/baskonia_00.png,#C8102E,Joventut Badalona,https://static.acb.com/img/e/53/16/1453195579.png,#2F8E62
BKN,DGC,Visitante,Jor. 6,21,3,6,1,21,42,5,9,6,36,23,2,17,5,35,8,0,4,11,11,38,4,12,13,42,46,5,19,1,53,104104,Baskonia,https://static.acb.com/logos/1718/baskonia_00.png,#C8102E,Dreamland Gran Canaria,https://static.acb.com/img/25/56/4a/75557.png,#FFB718
BKN,HIO,Local,Jor. 7,22,0,7,5,28,56,10,20,5,62,22,0,11,3,20,3,0,0,7,3,60,8,13,8,49,34,7,15,3,41,104112,Baskonia,https://static.acb.com/logos/1718/baskonia_00.png,#C8102E,Hiopos Lleida,https://static.acb.com/img/www/clubes2024/2425HioposLleida_positivo.png,#AB1254
BKN,CAZ,Visitante,Jor. 8,22,3,7,4,18,41,9,14,11,42,22,2,16,8,33,17,0,2,6,19,28,3,10,5,25,43,5,15,2,52,104118,Baskonia,https://static.acb.com/logos/1718/baskonia_00.png,#C8102E,Casademont Zaragoza,https://static.acb.com/img/www/clubes2024/2425CasademontZaragoza.png,#C8102E
BKN,VBC,Local,Jor. 9,23,4,9,8,32,42,8,9,9,35,26,2,13,4,22,37,6,6,23,56,32,5,12,2,36,47,8,21,3,58,104131,Baskonia,https://static.acb.com/logos/1718/baskonia_00.png,#C8102E,Valencia Basket,https://static.acb.com/img/23/2/25/1654748673.png,#FC6C0F
BKN,SBB,Visitante,Jor. 10,14,2,6,7,9,20,2,9,6,14,35,2,20,5,53,15,0,7,8,25,18,2,7,7,9,34,1,18,0,37,104137,Baskonia,https://static.acb.com/logos/1718/baskonia_00.png,#C8102E,Surne Bilbao Basket,https://static.acb.com/img/www/clubes2022/logo_surnebb_neg.png,#000000
BKN,COV,Visitante,Jor. 11,18,2,7,8,18,28,2,12,4,24,29,1,16,1,37,10,2,2,7,5,33,2,11,9,29,30,0,17,2,45,104148,Baskonia,https://static.acb.com/logos/1718/baskonia_00.png,#C8102E,Coviran Granada,https://static.acb.com/img/www/clubes2023/coviran-granada_logopositivo.png,#C2213C
BKN,UNI,Local,Jor. 12,35,2,4,8,34,43,7,13,5,37,10,0,12,1,17,26,4,6,21,39,25,6,10,3,20,39,5,10,2,35,104154,Baskonia,https://static.acb.com/logos/1718/baskonia_00.png,#C8102E,Unicaja,https://static.acb.com/img/www/clubes2024/2324UnicajaLogo.png,#3D9C35
BKN,BAX,Visitante,Jor. 13,11,0,5,5,8,53,6,11,12,64,18,0,18,3,25,36,2,8,6,33,12,2,8,4,4,32,2,23,5,41,104167,Baskonia,https://static.acb.com/logos/1718/baskonia_00.png,#C8102E,BAXI Manresa,https://static.acb.com/img/5b/60/d/75575.png,#B32836
BKN,COR,Local,Jor. 14,20,3,6,13,26,50,10,15,5,53,33,3,21,4,59,13,1,2,6,5,29,7,8,3,19,24,1,14,3,17,104176,Baskonia,https://static.acb.com/logos/1718/baskonia_00.png,#C8102E,Leyma Coruña,https://static.acb.com/img/www/clubes2024/2425BCoruna.png,#E85204
BKN,RMB,Local,Jor. 15,20,1,4,8,14,28,3,8,3,26,19,0,15,0,23,17,1,2,6,22,59,10,16,8,64,13,1,12,1,8,104186,Baskonia,https://static.acb.com/logos/1718/baskonia_00.png,#C8102E,Real Madrid,https://static.acb.com/img/www/clubes2023/RealMadridLogo202223.png,#FFFFFF
BKN,GIR,Visitante,Jor. 16,14,2,5,5,14,37,6,6,5,18,16,0,14,3,20,30,3,3,15,34,25,3,25,2,36,34,0,6,1,38,104194,Baskonia,https://static.acb.com/logos/1718/baskonia_00.png,#C8102E,Bàsquet Girona,https://static.acb.com/img/www/clubes2023/BASQUET-GIRONA-Logonegativo2223.png,#D5001E
BRE,Todos,Todas,All Jor.,19,2,4,6,18,29,4,11,6,26,27,2,15,3,30,16,2,5,8,18,38,6,13,9,42,31,2,16,3,38,NA,Río Breogán,https://static.acb.com/logos/1718/breogan_00.png,#85ADEA,NA,NA,NA
BRE,Todos,Todas Local,All Jor.,20,2,3,7,21,30,4,11,7,27,26,2,14,3,31,18,3,5,8,19,38,7,13,7,37,25,2,15,3,31,NA,Río Breogán,https://static.acb.com/logos/1718/breogan_00.png,#85ADEA,NA,NA,NA
BRE,Todos,Todas  Visitante,All Jor.,17,2,5,5,15,28,4,12,6,24,29,3,15,4,29,14,2,4,7,16,39,6,14,10,47,37,2,18,3,44,NA,Río Breogán,https://static.acb.com/logos/1718/breogan_00.png,#85ADEA,NA,NA,NA
BRE,SBB,Visitante,Jor. 1,17,3,4,6,15,28,4,11,5,13,27,2,13,4,23,22,1,2,9,26,28,2,16,7,39,40,4,21,3,45,104059,Río Breogán,https://static.acb.com/logos/1718/breogan_00.png,#85ADEA,Surne Bilbao Basket,https://static.acb.com/img/www/clubes2022/logo_surnebb_neg.png,#000000
BRE,LLT,Local,Jor. 2,21,3,2,10,27,27,4,8,8,21,30,1,14,1,34,23,2,2,9,17,29,6,12,4,31,27,0,11,3,34,104062,Río Breogán,https://static.acb.com/logos/1718/breogan_00.png,#85ADEA,La Laguna Tenerife,https://static.acb.com/img/www/clubes2024/2425LaLagunaTenerifeLogo.png,#E9CD5F
BRE,VBC,Local,Jor. 3,15,1,1,6,9,38,3,15,5,35,22,1,15,4,35,24,7,7,10,27,34,6,12,6,30,29,6,21,7,36,104076,Río Breogán,https://static.acb.com/logos/1718/breogan_00.png,#85ADEA,Valencia Basket,https://static.acb.com/img/23/2/25/1654748673.png,#FC6C0F
BRE,JOV,Visitante,Jor. 4,12,1,3,3,7,31,5,19,9,43,33,4,16,4,33,10,1,4,6,7,25,4,14,5,30,35,0,17,3,35,104079,Río Breogán,https://static.acb.com/logos/1718/breogan_00.png,#85ADEA,Joventut Badalona,https://static.acb.com/img/e/53/16/1453195579.png,#2F8E62
BRE,HIO,Local,Jor. 5,15,2,6,5,21,34,6,12,10,34,28,4,15,3,29,4,0,1,5,6,60,10,17,16,71,10,2,6,1,2,104095,Río Breogán,https://static.acb.com/logos/1718/breogan_00.png,#85ADEA,Hiopos Lleida,https://static.acb.com/img/www/clubes2024/2425HioposLleida_positivo.png,#AB1254
BRE,CAZ,Visitante,Jor. 6,12,1,3,5,4,11,1,8,3,-5,30,2,14,2,22,12,2,1,6,13,43,8,15,15,68,65,6,21,6,93,104098,Río Breogán,https://static.acb.com/logos/1718/breogan_00.png,#85ADEA,Casademont Zaragoza,https://static.acb.com/img/www/clubes2024/2425CasademontZaragoza.png,#C8102E
BRE,BAR,Local,Jor. 7,25,2,2,8,22,26,4,10,4,23,26,2,15,3,31,9,1,10,5,13,27,4,7,7,17,34,2,19,1,43,104114,Río Breogán,https://static.acb.com/logos/1718/breogan_00.png,#85ADEA,Barça,https://static.acb.com/img/www/clubes2024/2324BarcaLogoweb.png,#154284
BRE,UCM,Visitante,Jor. 8,18,1,3,5,18,25,2,22,4,15,20,2,15,2,25,11,3,7,6,16,36,7,10,17,46,32,0,21,1,35,104115,Río Breogán,https://static.acb.com/logos/1718/breogan_00.png,#85ADEA,UCAM Murcia,https://static.acb.com/img/www/clubes2024/2425UCAMMurcianegativo.png,#A51A14
BRE,COV,Local,Jor. 9,17,2,2,6,16,26,3,11,2,14,31,1,13,6,35,11,2,1,8,12,50,8,15,9,49,31,0,19,3,45,104125,Río Breogán,https://static.acb.com/logos/1718/breogan_00.png,#85ADEA,Coviran Granada,https://static.acb.com/img/www/clubes2023/coviran-granada_logopositivo.png,#C2213C
BRE,DGC,Visitante,Jor. 10,24,3,6,6,36,24,6,7,4,8,34,2,21,5,35,11,2,2,3,14,28,3,8,9,20,34,2,16,2,43,104138,Río Breogán,https://static.acb.com/logos/1718/breogan_00.png,#85ADEA,Dreamland Gran Canaria,https://static.acb.com/img/25/56/4a/75557.png,#FFB718
BRE,RMB,Visitante,Jor. 11,16,1,5,2,8,26,3,13,3,16,27,2,13,3,26,9,2,4,9,15,76,11,20,14,94,21,1,12,2,31,104147,Río Breogán,https://static.acb.com/logos/1718/breogan_00.png,#85ADEA,Real Madrid,https://static.acb.com/img/www/clubes2023/RealMadridLogo202223.png,#FFFFFF
BRE,GIR,Local,Jor. 12,28,3,5,5,26,22,3,10,11,25,27,2,12,1,31,35,5,12,10,39,34,6,18,4,31,5,0,6,3,4,104151,Río Breogán,https://static.acb.com/logos/1718/breogan_00.png,#85ADEA,Bàsquet Girona,https://static.acb.com/img/www/clubes2023/BASQUET-GIRONA-Logonegativo2223.png,#D5001E
BRE,UNI,Visitante,Jor. 13,13,1,9,8,9,33,5,6,9,35,31,3,14,3,41,24,5,9,10,30,24,5,16,7,31,38,2,18,5,36,104163,Río Breogán,https://static.acb.com/logos/1718/breogan_00.png,#85ADEA,Unicaja,https://static.acb.com/img/www/clubes2024/2324UnicajaLogo.png,#3D9C35
BRE,BAX,Local,Jor. 14,19,2,4,9,14,29,6,10,6,32,18,1,15,2,20,17,3,6,12,21,39,8,10,8,46,32,3,16,3,36,104172,Río Breogán,https://static.acb.com/logos/1718/breogan_00.png,#85ADEA,BAXI Manresa,https://static.acb.com/img/5b/60/d/75575.png,#B32836
BRE,MBA,Visitante,Jor. 15,22,5,4,7,20,49,7,8,9,64,28,4,14,6,28,11,1,2,6,11,54,6,11,10,51,28,2,15,2,38,104180,Río Breogán,https://static.acb.com/logos/1718/breogan_00.png,#85ADEA,MoraBanc Andorra,https://static.acb.com/img/10/45/4d/75539.png,#0165BA
BRE,COR,Local,Jor. 16,23,3,5,8,31,34,5,10,8,35,26,1,16,3,35,20,3,3,8,17,28,6,11,4,18,32,3,24,6,48,104192,Río Breogán,https://static.acb.com/logos/1718/breogan_00.png,#85ADEA,Leyma Coruña,https://static.acb.com/img/www/clubes2024/2425BCoruna.png,#E85204
CAZ,Todos,Todas,All Jor.,24,2,5,9,28,30,4,12,6,25,41,3,18,4,48,18,2,4,8,22,43,6,12,7,44,26,2,14,4,28,NA,Casademont Zaragoza,https://static.acb.com/img/www/clubes2024/2425CasademontZaragoza.png,#C8102E,NA,NA,NA
CAZ,Todos,Todas Local,All Jor.,25,2,4,9,31,31,4,14,6,29,44,3,22,4,56,15,1,4,6,15,39,6,11,7,35,25,2,14,3,23,NA,Casademont Zaragoza,https://static.acb.com/img/www/clubes2024/2425CasademontZaragoza.png,#C8102E,NA,NA,NA
CAZ,Todos,Todas  Visitante,All Jor.,22,3,5,9,26,29,5,10,6,21,37,2,15,4,40,21,4,4,10,29,48,6,13,7,53,28,2,14,5,33,NA,Casademont Zaragoza,https://static.acb.com/img/www/clubes2024/2425CasademontZaragoza.png,#C8102E,NA,NA,NA
CAZ,HIO,Local,Jor. 1,24,1,7,12,37,30,5,12,4,8,47,4,24,3,61,4,0,2,1,5,53,9,15,13,61,16,3,5,1,8,104058,Casademont Zaragoza,https://static.acb.com/img/www/clubes2024/2425CasademontZaragoza.png,#C8102E,Hiopos Lleida,https://static.acb.com/img/www/clubes2024/2425HioposLleida_positivo.png,#AB1254
CAZ,RMB,Visitante,Jor. 2,38,6,6,9,42,21,3,9,9,10,36,3,11,5,34,20,1,5,9,34,60,5,15,11,75,21,2,13,0,18,104065,Casademont Zaragoza,https://static.acb.com/img/www/clubes2024/2425CasademontZaragoza.png,#C8102E,Real Madrid,https://static.acb.com/img/www/clubes2023/RealMadridLogo202223.png,#FFFFFF
CAZ,JOV,Local,Jor. 3,31,3,5,11,36,19,2,8,3,-1,46,6,23,3,57,27,3,5,7,33,37,4,10,8,47,31,3,12,3,15,104077,Casademont Zaragoza,https://static.acb.com/img/www/clubes2024/2425CasademontZaragoza.png,#C8102E,Joventut Badalona,https://static.acb.com/img/e/53/16/1453195579.png,#2F8E62
CAZ,UCM,Visitante,Jor. 4,26,3,7,1,25,27,2,8,1,13,21,0,17,2,22,16,4,4,7,18,50,6,18,8,63,22,1,13,3,17,104082,Casademont Zaragoza,https://static.acb.com/img/www/clubes2024/2425CasademontZaragoza.png,#C8102E,UCAM Murcia,https://static.acb.com/img/www/clubes2024/2425UCAMMurcianegativo.png,#A51A14
CAZ,COR,Visitante,Jor. 5,15,2,2,9,14,34,6,7,10,28,39,4,15,4,42,23,5,5,14,33,33,3,12,6,36,54,4,20,13,76,104091,Casademont Zaragoza,https://static.acb.com/img/www/clubes2024/2425CasademontZaragoza.png,#C8102E,Leyma Coruña,https://static.acb.com/img/www/clubes2024/2425BCoruna.png,#E85204
CAZ,BRE,Local,Jor. 6,12,2,1,6,13,43,8,15,15,68,65,6,21,6,93,12,1,3,5,4,11,1,8,3,-5,30,2,14,2,22,104098,Casademont Zaragoza,https://static.acb.com/img/www/clubes2024/2425CasademontZaragoza.png,#C8102E,Río Breogán,https://static.acb.com/logos/1718/breogan_00.png,#85ADEA
CAZ,VBC,Visitante,Jor. 7,15,1,3,7,11,32,6,16,10,28,39,0,14,3,40,29,5,8,14,42,57,8,15,3,61,25,5,16,8,29,104108,Casademont Zaragoza,https://static.acb.com/img/www/clubes2024/2425CasademontZaragoza.png,#C8102E,Valencia Basket,https://static.acb.com/img/23/2/25/1654748673.png,#FC6C0F
CAZ,BKN,Local,Jor. 8,17,0,2,6,19,28,3,10,5,25,43,5,15,2,52,22,3,7,4,18,41,9,14,11,42,22,2,16,8,33,104118,Casademont Zaragoza,https://static.acb.com/img/www/clubes2024/2425CasademontZaragoza.png,#C8102E,Baskonia,https://static.acb.com/logos/1718/baskonia_00.png,#C8102E
CAZ,SBB,Local,Jor. 9,28,3,9,8,38,27,4,13,4,24,27,0,21,2,36,6,0,2,6,7,32,5,5,8,19,33,3,19,1,33,104126,Casademont Zaragoza,https://static.acb.com/img/www/clubes2024/2425CasademontZaragoza.png,#C8102E,Surne Bilbao Basket,https://static.acb.com/img/www/clubes2022/logo_surnebb_neg.png,#000000
CAZ,MBA,Visitante,Jor. 10,12,0,8,14,26,39,7,7,3,36,39,1,22,4,48,15,3,6,8,25,44,8,5,5,26,20,3,13,2,21,104133,Casademont Zaragoza,https://static.acb.com/img/www/clubes2024/2425CasademontZaragoza.png,#C8102E,MoraBanc Andorra,https://static.acb.com/img/10/45/4d/75539.png,#0165BA
CAZ,BAR,Local,Jor. 11,45,5,4,10,50,29,1,21,5,34,42,3,21,4,48,9,0,5,10,19,73,13,5,6,59,13,0,16,2,12,104150,Casademont Zaragoza,https://static.acb.com/img/www/clubes2024/2425CasademontZaragoza.png,#C8102E,Barça,https://static.acb.com/img/www/clubes2024/2324BarcaLogoweb.png,#154284
CAZ,DGC,Visitante,Jor. 12,22,5,5,15,28,29,7,8,5,21,46,4,14,4,52,19,3,1,5,21,58,5,13,7,63,19,1,11,6,25,104156,Casademont Zaragoza,https://static.acb.com/img/www/clubes2024/2425CasademontZaragoza.png,#C8102E,Dreamland Gran Canaria,https://static.acb.com/img/25/56/4a/75557.png,#FFB718
CAZ,GIR,Local,Jor. 13,15,0,4,12,22,36,4,19,6,38,54,2,23,6,74,21,2,7,4,11,29,4,14,5,24,18,1,11,2,16,104166,Casademont Zaragoza,https://static.acb.com/img/www/clubes2024/2425CasademontZaragoza.png,#C8102E,Bàsquet Girona,https://static.acb.com/img/www/clubes2023/BASQUET-GIRONA-Logonegativo2223.png,#D5001E
CAZ,LLT,Visitante,Jor. 14,29,4,3,14,40,23,3,7,6,11,52,4,18,4,58,31,5,2,11,40,49,9,13,4,54,26,1,5,3,30,104174,Casademont Zaragoza,https://static.acb.com/img/www/clubes2024/2425CasademontZaragoza.png,#C8102E,La Laguna Tenerife,https://static.acb.com/img/www/clubes2024/2425LaLagunaTenerifeLogo.png,#E9CD5F
CAZ,UNI,Visitante,Jor. 15,20,3,4,6,18,24,4,20,5,20,27,4,9,3,21,16,3,5,10,20,30,3,13,11,43,39,3,18,2,46,104181,Casademont Zaragoza,https://static.acb.com/img/www/clubes2024/2425CasademontZaragoza.png,#C8102E,Unicaja,https://static.acb.com/img/www/clubes2024/2324UnicajaLogo.png,#3D9C35
CAZ,BAX,Local,Jor. 16,28,2,3,6,30,35,4,12,5,33,29,0,27,2,30,21,2,2,10,21,37,6,15,3,34,35,3,19,7,47,104189,Casademont Zaragoza,https://static.acb.com/img/www/clubes2024/2425CasademontZaragoza.png,#C8102E,BAXI Manresa,https://static.acb.com/img/5b/60/d/75575.png,#B32836
COR,Todos,Todas,All Jor.,18,3,3,10,19,31,4,11,4,25,34,2,19,6,44,19,3,5,9,24,40,6,12,8,40,32,3,14,3,38,NA,Leyma Coruña,https://static.acb.com/img/www/clubes2024/2425BCoruna.png,#E85204,NA,NA,NA
COR,Todos,Todas Local,All Jor.,18,3,3,9,18,29,3,11,5,27,37,2,19,7,49,23,3,5,10,27,37,6,13,7,36,31,4,14,4,35,NA,Leyma Coruña,https://static.acb.com/img/www/clubes2024/2425BCoruna.png,#E85204,NA,NA,NA
COR,Todos,Todas  Visitante,All Jor.,19,3,3,10,20,32,6,10,4,23,32,2,20,5,40,16,2,4,8,20,44,6,12,8,44,33,3,13,3,40,NA,Leyma Coruña,https://static.acb.com/img/www/clubes2024/2425BCoruna.png,#E85204,NA,NA,NA
COR,RMB,Local,Jor. 1,38,7,4,7,33,24,5,13,9,20,24,1,14,5,29,24,4,4,4,27,42,4,7,6,40,19,1,14,4,31,104060,Leyma Coruña,https://static.acb.com/img/www/clubes2024/2425BCoruna.png,#E85204,Real Madrid,https://static.acb.com/img/www/clubes2023/RealMadridLogo202223.png,#FFFFFF
COR,DGC,Visitante,Jor. 2,14,2,4,13,21,25,3,11,4,15,33,1,23,1,39,10,2,7,6,17,35,3,11,8,40,35,3,11,3,32,104066,Leyma Coruña,https://static.acb.com/img/www/clubes2024/2425BCoruna.png,#E85204,Dreamland Gran Canaria,https://static.acb.com/img/25/56/4a/75557.png,#FFB718
COR,MBA,Visitante,Jor. 3,23,4,3,11,33,38,7,12,5,17,26,4,17,5,28,22,4,3,11,29,48,6,8,5,49,42,5,19,4,51,104072,Leyma Coruña,https://static.acb.com/img/www/clubes2024/2425BCoruna.png,#E85204,MoraBanc Andorra,https://static.acb.com/img/10/45/4d/75539.png,#0165BA
COR,UNI,Local,Jor. 4,6,1,6,14,10,35,5,11,6,35,42,2,18,9,56,23,3,1,8,24,42,7,13,10,41,25,3,16,3,32,104080,Leyma Coruña,https://static.acb.com/img/www/clubes2024/2425BCoruna.png,#E85204,Unicaja,https://static.acb.com/img/www/clubes2024/2324UnicajaLogo.png,#3D9C35
COR,CAZ,Local,Jor. 5,23,5,5,14,33,33,3,12,6,36,54,4,20,13,76,15,2,2,9,14,34,6,7,10,28,39,4,15,4,42,104091,Leyma Coruña,https://static.acb.com/img/www/clubes2024/2425BCoruna.png,#E85204,Casademont Zaragoza,https://static.acb.com/img/www/clubes2024/2425CasademontZaragoza.png,#C8102E
COR,BAR,Visitante,Jor. 6,15,5,2,10,9,31,5,10,4,17,34,1,18,6,34,21,1,7,5,31,35,3,11,8,40,50,7,15,4,64,104103,Leyma Coruña,https://static.acb.com/img/www/clubes2024/2425BCoruna.png,#E85204,Barça,https://static.acb.com/img/www/clubes2024/2324BarcaLogoweb.png,#154284
COR,LLT,Local,Jor. 7,7,1,1,6,2,26,1,8,1,18,29,1,12,10,39,42,6,8,10,54,25,5,22,8,31,20,1,9,4,23,104113,Leyma Coruña,https://static.acb.com/img/www/clubes2024/2425BCoruna.png,#E85204,La Laguna Tenerife,https://static.acb.com/img/www/clubes2024/2425LaLagunaTenerifeLogo.png,#E9CD5F
COR,COV,Visitante,Jor. 8,19,3,1,9,11,30,7,10,1,19,28,1,22,6,54,6,0,3,9,11,38,6,13,7,33,36,1,9,2,40,104116,Leyma Coruña,https://static.acb.com/img/www/clubes2024/2425BCoruna.png,#E85204,Coviran Granada,https://static.acb.com/img/www/clubes2023/coviran-granada_logopositivo.png,#C2213C
COR,HIO,Visitante,Jor. 9,21,2,6,15,31,43,7,12,5,38,42,5,19,6,52,4,0,1,4,9,64,11,14,13,64,31,7,5,3,20,104130,Leyma Coruña,https://static.acb.com/img/www/clubes2024/2425BCoruna.png,#E85204,Hiopos Lleida,https://static.acb.com/img/www/clubes2024/2425HioposLleida_positivo.png,#AB1254
COR,BAX,Local,Jor. 10,23,2,4,5,23,21,4,8,2,13,30,2,23,4,38,31,6,13,8,32,30,4,12,4,36,28,2,13,8,25,104134,Leyma Coruña,https://static.acb.com/img/www/clubes2024/2425BCoruna.png,#E85204,BAXI Manresa,https://static.acb.com/img/5b/60/d/75575.png,#B32836
COR,GIR,Visitante,Jor. 11,25,5,5,9,29,35,2,10,6,42,38,2,19,9,47,21,2,3,9,8,46,3,13,7,42,14,0,5,0,23,104144,Leyma Coruña,https://static.acb.com/img/www/clubes2024/2425BCoruna.png,#E85204,Bàsquet Girona,https://static.acb.com/img/www/clubes2023/BASQUET-GIRONA-Logonegativo2223.png,#D5001E
COR,JOV,Local,Jor. 12,16,3,1,14,17,30,3,12,2,33,39,0,16,3,50,16,2,3,10,15,24,6,15,6,11,54,8,12,1,62,104155,Leyma Coruña,https://static.acb.com/img/www/clubes2024/2425BCoruna.png,#E85204,Joventut Badalona,https://static.acb.com/img/e/53/16/1453195579.png,#2F8E62
COR,SBB,Local,Jor. 13,21,5,4,7,21,22,1,11,2,17,36,3,21,6,46,7,1,7,15,17,63,14,13,10,69,30,5,12,1,26,104162,Leyma Coruña,https://static.acb.com/img/www/clubes2024/2425BCoruna.png,#E85204,Surne Bilbao Basket,https://static.acb.com/img/www/clubes2022/logo_surnebb_neg.png,#000000
COR,BKN,Visitante,Jor. 14,13,1,2,6,5,29,7,8,3,19,24,1,14,3,17,20,3,6,13,26,50,10,15,5,53,33,3,21,4,59,104176,Leyma Coruña,https://static.acb.com/img/www/clubes2024/2425BCoruna.png,#E85204,Baskonia,https://static.acb.com/logos/1718/baskonia_00.png,#C8102E
COR,VBC,Local,Jor. 15,9,1,2,8,9,42,5,11,10,43,40,1,25,8,57,25,2,1,13,33,38,6,15,5,30,36,4,24,4,41,104184,Leyma Coruña,https://static.acb.com/img/www/clubes2024/2425BCoruna.png,#E85204,Valencia Basket,https://static.acb.com/img/23/2/25/1654748673.png,#FC6C0F
COR,BRE,Visitante,Jor. 16,20,3,3,8,17,28,6,11,4,18,32,3,24,6,48,23,3,5,8,31,34,5,10,8,35,26,1,16,3,35,104192,Leyma Coruña,https://static.acb.com/img/www/clubes2024/2425BCoruna.png,#E85204,Río Breogán,https://static.acb.com/logos/1718/breogan_00.png,#85ADEA
COV,Todos,Todas,All Jor.,14,2,3,8,16,38,5,13,5,30,28,1,13,3,31,17,2,5,9,19,34,5,12,5,32,32,1,16,4,42,NA,Coviran Granada,https://static.acb.com/img/www/clubes2023/coviran-granada_logopositivo.png,#C2213C,NA,NA,NA
COV,Todos,Todas Local,All Jor.,12,2,3,9,16,36,4,11,5,30,28,1,13,2,31,16,1,4,8,18,32,4,12,6,28,33,2,17,4,45,NA,Coviran Granada,https://static.acb.com/img/www/clubes2023/coviran-granada_logopositivo.png,#C2213C,NA,NA,NA
COV,Todos,Todas  Visitante,All Jor.,15,2,3,6,16,39,6,14,6,30,27,1,13,4,30,18,2,6,10,20,36,5,13,4,36,30,1,14,4,40,NA,Coviran Granada,https://static.acb.com/img/www/clubes2023/coviran-granada_logopositivo.png,#C2213C,NA,NA,NA
COV,BAR,Visitante,Jor. 1,24,4,6,7,28,23,3,14,5,2,18,2,10,1,16,13,1,12,11,21,39,5,7,4,44,39,2,10,3,51,104056,Coviran Granada,https://static.acb.com/img/www/clubes2023/coviran-granada_logopositivo.png,#C2213C,Barça,https://static.acb.com/img/www/clubes2024/2324BarcaLogoweb.png,#154284
COV,UNI,Local,Jor. 2,11,3,5,11,19,38,5,12,1,26,19,2,6,2,15,21,1,2,9,25,21,1,15,8,25,42,4,21,5,47,104068,Coviran Granada,https://static.acb.com/img/www/clubes2023/coviran-granada_logopositivo.png,#C2213C,Unicaja,https://static.acb.com/img/www/clubes2024/2324UnicajaLogo.png,#3D9C35
COV,GIR,Visitante,Jor. 3,11,1,6,8,22,44,8,25,5,48,27,1,17,4,36,19,2,6,7,2,12,0,11,0,10,21,1,12,3,20,104073,Coviran Granada,https://static.acb.com/img/www/clubes2023/coviran-granada_logopositivo.png,#C2213C,Bàsquet Girona,https://static.acb.com/img/www/clubes2023/BASQUET-GIRONA-Logonegativo2223.png,#D5001E
COV,LLT,Local,Jor. 4,8,1,2,11,11,42,7,8,4,35,25,1,10,2,24,10,1,1,10,2,38,7,11,3,45,35,0,12,1,44,104085,Coviran Granada,https://static.acb.com/img/www/clubes2023/coviran-granada_logopositivo.png,#C2213C,La Laguna Tenerife,https://static.acb.com/img/www/clubes2024/2425LaLagunaTenerifeLogo.png,#E9CD5F
COV,MBA,Visitante,Jor. 5,11,1,4,5,11,30,4,13,7,16,30,2,14,4,30,16,2,3,15,25,42,4,7,3,26,29,0,19,3,59,104090,Coviran Granada,https://static.acb.com/img/www/clubes2023/coviran-granada_logopositivo.png,#C2213C,MoraBanc Andorra,https://static.acb.com/img/10/45/4d/75539.png,#0165BA
COV,SBB,Local,Jor. 6,14,2,0,11,23,36,4,9,4,28,22,0,12,3,14,22,1,6,7,33,29,3,9,8,19,33,2,17,4,41,104100,Coviran Granada,https://static.acb.com/img/www/clubes2023/coviran-granada_logopositivo.png,#C2213C,Surne Bilbao Basket,https://static.acb.com/img/www/clubes2022/logo_surnebb_neg.png,#000000
COV,BAX,Visitante,Jor. 7,18,2,2,8,12,42,7,13,3,22,26,1,13,3,33,23,0,8,7,14,28,5,16,1,29,42,1,17,2,56,104106,Coviran Granada,https://static.acb.com/img/www/clubes2023/coviran-granada_logopositivo.png,#C2213C,BAXI Manresa,https://static.acb.com/img/5b/60/d/75575.png,#B32836
COV,COR,Local,Jor. 8,6,0,3,9,11,38,6,13,7,33,36,1,9,2,40,19,3,1,9,11,30,7,10,1,19,28,1,22,6,54,104116,Coviran Granada,https://static.acb.com/img/www/clubes2023/coviran-granada_logopositivo.png,#C2213C,Leyma Coruña,https://static.acb.com/img/www/clubes2024/2425BCoruna.png,#E85204
COV,BRE,Visitante,Jor. 9,11,2,1,8,12,50,8,15,9,49,31,0,19,3,45,17,2,2,6,16,26,3,11,2,14,31,1,13,6,35,104125,Coviran Granada,https://static.acb.com/img/www/clubes2023/coviran-granada_logopositivo.png,#C2213C,Río Breogán,https://static.acb.com/logos/1718/breogan_00.png,#85ADEA
COV,JOV,Local,Jor. 10,19,4,4,4,22,44,7,15,8,46,24,1,18,5,27,14,1,4,4,13,23,3,13,2,9,40,2,16,4,51,104139,Coviran Granada,https://static.acb.com/img/www/clubes2023/coviran-granada_logopositivo.png,#C2213C,Joventut Badalona,https://static.acb.com/img/e/53/16/1453195579.png,#2F8E62
COV,BKN,Local,Jor. 11,10,2,2,7,5,33,2,11,9,29,30,0,17,2,45,18,2,7,8,18,28,2,12,4,24,29,1,16,1,37,104148,Coviran Granada,https://static.acb.com/img/www/clubes2023/coviran-granada_logopositivo.png,#C2213C,Baskonia,https://static.acb.com/logos/1718/baskonia_00.png,#C8102E
COV,HIO,Visitante,Jor. 12,5,1,4,2,2,34,7,12,9,27,35,4,12,3,31,11,0,5,6,20,54,8,16,8,54,22,1,16,3,25,104152,Coviran Granada,https://static.acb.com/img/www/clubes2023/coviran-granada_logopositivo.png,#C2213C,Hiopos Lleida,https://static.acb.com/img/www/clubes2024/2425HioposLleida_positivo.png,#AB1254
COV,UCM,Visitante,Jor. 13,15,3,1,2,11,45,8,11,4,38,21,0,13,3,22,9,1,2,4,2,48,4,19,8,62,19,0,11,7,26,104165,Coviran Granada,https://static.acb.com/img/www/clubes2023/coviran-granada_logopositivo.png,#C2213C,UCAM Murcia,https://static.acb.com/img/www/clubes2024/2425UCAMMurcianegativo.png,#A51A14
COV,RMB,Local,Jor. 14,11,3,5,10,7,36,4,12,4,29,32,1,14,2,37,20,1,6,9,34,40,4,18,3,29,24,1,18,2,35,104177,Coviran Granada,https://static.acb.com/img/www/clubes2023/coviran-granada_logopositivo.png,#C2213C,Real Madrid,https://static.acb.com/img/www/clubes2023/RealMadridLogo202223.png,#FFFFFF
COV,DGC,Local,Jor. 15,19,3,2,11,28,24,1,6,2,18,39,0,15,2,46,5,1,7,6,7,45,8,4,15,50,36,2,14,5,52,104185,Coviran Granada,https://static.acb.com/img/www/clubes2023/coviran-granada_logopositivo.png,#C2213C,Dreamland Gran Canaria,https://static.acb.com/img/25/56/4a/75557.png,#FFB718
COV,VBC,Visitante,Jor. 16,23,4,2,7,27,44,6,12,4,34,27,0,9,7,31,38,8,11,23,57,43,9,15,8,49,39,3,16,3,47,104188,Coviran Granada,https://static.acb.com/img/www/clubes2023/coviran-granada_logopositivo.png,#C2213C,Valencia Basket,https://static.acb.com/img/23/2/25/1654748673.png,#FC6C0F
DGC,Todos,Todas,All Jor.,14,2,4,5,17,38,5,11,8,37,31,3,15,4,36,22,3,4,9,27,30,5,9,4,23,29,2,17,3,34,NA,Dreamland Gran Canaria,https://static.acb.com/img/25/56/4a/75557.png,#FFB718,NA,NA,NA
DGC,Todos,Todas Local,All Jor.,15,2,4,5,19,39,4,12,9,40,31,3,13,3,35,22,3,5,9,27,30,5,10,4,23,30,3,16,3,33,NA,Dreamland Gran Canaria,https://static.acb.com/img/25/56/4a/75557.png,#FFB718,NA,NA,NA
DGC,Todos,Todas  Visitante,All Jor.,13,2,5,5,15,37,5,10,7,34,30,3,17,5,36,22,3,4,8,26,30,4,9,4,22,28,1,17,3,35,NA,Dreamland Gran Canaria,https://static.acb.com/img/25/56/4a/75557.png,#FFB718,NA,NA,NA
DGC,MBA,Visitante,Jor. 1,22,4,5,7,25,30,3,7,6,31,39,3,18,6,52,18,3,6,6,18,44,5,11,1,29,9,0,17,0,7,104054,Dreamland Gran Canaria,https://static.acb.com/img/25/56/4a/75557.png,#FFB718,MoraBanc Andorra,https://static.acb.com/img/10/45/4d/75539.png,#0165BA
DGC,COR,Local,Jor. 2,10,2,7,6,17,35,3,11,8,40,35,3,11,3,32,14,2,4,13,21,25,3,11,4,15,33,1,23,1,39,104066,Dreamland Gran Canaria,https://static.acb.com/img/25/56/4a/75557.png,#FFB718,Leyma Coruña,https://static.acb.com/img/www/clubes2024/2425BCoruna.png,#E85204
DGC,BAX,Visitante,Jor. 3,7,0,3,4,9,28,2,14,3,20,23,2,21,4,22,23,4,8,6,21,16,3,6,2,2,40,2,24,5,57,104075,Dreamland Gran Canaria,https://static.acb.com/img/25/56/4a/75557.png,#FFB718,BAXI Manresa,https://static.acb.com/img/5b/60/d/75575.png,#B32836
DGC,SBB,Local,Jor. 4,13,2,6,3,19,46,4,15,7,54,21,3,15,4,23,22,3,3,6,28,16,4,10,4,0,29,2,13,4,29,104081,Dreamland Gran Canaria,https://static.acb.com/img/25/56/4a/75557.png,#FFB718,Surne Bilbao Basket,https://static.acb.com/img/www/clubes2022/logo_surnebb_neg.png,#000000
DGC,LLT,Visitante,Jor. 5,15,3,3,7,15,29,3,10,3,26,30,4,15,2,32,26,2,2,16,34,22,4,6,2,20,34,1,17,3,47,104093,Dreamland Gran Canaria,https://static.acb.com/img/25/56/4a/75557.png,#FFB718,La Laguna Tenerife,https://static.acb.com/img/www/clubes2024/2425LaLagunaTenerifeLogo.png,#E9CD5F
DGC,BKN,Local,Jor. 6,8,0,4,11,11,38,4,12,13,42,46,5,19,1,53,21,3,6,1,21,42,5,9,6,36,23,2,17,5,35,104104,Dreamland Gran Canaria,https://static.acb.com/img/25/56/4a/75557.png,#FFB718,Baskonia,https://static.acb.com/logos/1718/baskonia_00.png,#C8102E
DGC,RMB,Visitante,Jor. 7,12,2,5,5,19,47,8,7,5,28,18,0,20,8,28,20,2,3,9,33,43,8,12,4,42,20,1,11,1,22,104111,Dreamland Gran Canaria,https://static.acb.com/img/25/56/4a/75557.png,#FFB718,Real Madrid,https://static.acb.com/img/www/clubes2023/RealMadridLogo202223.png,#FFFFFF
DGC,GIR,Local,Jor. 8,21,4,3,4,26,42,6,12,14,49,26,3,10,2,20,35,5,10,8,42,38,5,12,7,38,11,0,9,1,12,104120,Dreamland Gran Canaria,https://static.acb.com/img/25/56/4a/75557.png,#FFB718,Bàsquet Girona,https://static.acb.com/img/www/clubes2023/BASQUET-GIRONA-Logonegativo2223.png,#D5001E
DGC,UCM,Visitante,Jor. 9,9,1,7,6,9,45,8,14,4,55,29,4,16,4,22,6,2,0,1,2,27,4,7,8,22,30,2,15,3,40,104129,Dreamland Gran Canaria,https://static.acb.com/img/25/56/4a/75557.png,#FFB718,UCAM Murcia,https://static.acb.com/img/www/clubes2024/2425UCAMMurcianegativo.png,#A51A14
DGC,BRE,Local,Jor. 10,11,2,2,3,14,28,3,8,9,20,34,2,16,2,43,24,3,6,6,36,24,6,7,4,8,34,2,21,5,35,104138,Dreamland Gran Canaria,https://static.acb.com/img/25/56/4a/75557.png,#FFB718,Río Breogán,https://static.acb.com/logos/1718/breogan_00.png,#85ADEA
DGC,UNI,Visitante,Jor. 11,18,5,4,2,22,35,4,8,10,27,41,4,19,7,49,49,7,6,9,55,23,2,9,4,10,16,1,15,3,18,104145,Dreamland Gran Canaria,https://static.acb.com/img/25/56/4a/75557.png,#FFB718,Unicaja,https://static.acb.com/img/www/clubes2024/2324UnicajaLogo.png,#3D9C35
DGC,CAZ,Local,Jor. 12,19,3,1,5,21,58,5,13,7,63,19,1,11,6,25,22,5,5,15,28,29,7,8,5,21,46,4,14,4,52,104156,Dreamland Gran Canaria,https://static.acb.com/img/25/56/4a/75557.png,#FFB718,Casademont Zaragoza,https://static.acb.com/img/www/clubes2024/2425CasademontZaragoza.png,#C8102E
DGC,VBC,Local,Jor. 13,21,1,7,7,27,34,4,13,8,26,42,3,9,0,47,27,1,3,13,27,31,4,10,5,32,36,9,22,3,36,104161,Dreamland Gran Canaria,https://static.acb.com/img/25/56/4a/75557.png,#FFB718,Valencia Basket,https://static.acb.com/img/23/2/25/1654748673.png,#FC6C0F
DGC,JOV,Visitante,Jor. 14,15,3,3,6,16,35,5,14,11,34,28,3,11,2,35,11,1,4,7,18,42,6,13,7,34,36,4,21,6,45,104170,Dreamland Gran Canaria,https://static.acb.com/img/25/56/4a/75557.png,#FFB718,Joventut Badalona,https://static.acb.com/img/e/53/16/1453195579.png,#2F8E62
DGC,COV,Visitante,Jor. 15,5,1,7,6,7,45,8,4,15,50,36,2,14,5,52,19,3,2,11,28,24,1,6,2,18,39,0,15,2,46,104185,Dreamland Gran Canaria,https://static.acb.com/img/25/56/4a/75557.png,#FFB718,Coviran Granada,https://static.acb.com/img/www/clubes2023/coviran-granada_logopositivo.png,#C2213C
DGC,BAR,Local,Jor. 16,16,4,3,3,15,31,7,12,6,27,27,1,15,3,34,8,2,4,10,13,38,7,12,1,36,31,5,13,2,28,104193,Dreamland Gran Canaria,https://static.acb.com/img/25/56/4a/75557.png,#FFB718,Barça,https://static.acb.com/img/www/clubes2024/2324BarcaLogoweb.png,#154284
GIR,Todos,Todas,All Jor.,34,4,6,9,30,27,4,13,4,25,17,0,10,1,18,20,3,5,8,24,36,5,13,7,33,32,2,16,4,40,NA,Bàsquet Girona,https://static.acb.com/img/www/clubes2023/BASQUET-GIRONA-Logonegativo2223.png,#D5001E,NA,NA,NA
GIR,Todos,Todas Local,All Jor.,34,3,6,10,29,28,4,15,4,27,20,0,11,1,24,18,2,6,8,20,37,5,11,6,30,32,1,18,3,40,NA,Bàsquet Girona,https://static.acb.com/img/www/clubes2023/BASQUET-GIRONA-Logonegativo2223.png,#D5001E,NA,NA,NA
GIR,Todos,Todas  Visitante,All Jor.,34,4,7,8,31,27,4,12,4,24,14,0,9,1,12,23,3,4,9,28,35,4,14,8,37,32,2,15,4,39,NA,Bàsquet Girona,https://static.acb.com/img/www/clubes2023/BASQUET-GIRONA-Logonegativo2223.png,#D5001E,NA,NA,NA
GIR,UNI,Visitante,Jor. 1,43,4,7,7,37,13,1,8,1,11,17,0,12,2,10,31,6,4,10,34,28,3,7,3,17,31,3,18,8,48,104053,Bàsquet Girona,https://static.acb.com/img/www/clubes2023/BASQUET-GIRONA-Logonegativo2223.png,#D5001E,Unicaja,https://static.acb.com/img/www/clubes2024/2324UnicajaLogo.png,#3D9C35
GIR,BAX,Local,Jor. 2,36,1,6,15,44,27,5,17,2,20,21,1,15,0,23,18,3,4,6,3,24,2,8,6,24,38,2,27,4,56,104067,Bàsquet Girona,https://static.acb.com/img/www/clubes2023/BASQUET-GIRONA-Logonegativo2223.png,#D5001E,BAXI Manresa,https://static.acb.com/img/5b/60/d/75575.png,#B32836
GIR,COV,Local,Jor. 3,19,2,6,7,2,12,0,11,0,10,21,1,12,3,20,11,1,6,8,22,44,8,25,5,48,27,1,17,4,36,104073,Bàsquet Girona,https://static.acb.com/img/www/clubes2023/BASQUET-GIRONA-Logonegativo2223.png,#D5001E,Coviran Granada,https://static.acb.com/img/www/clubes2023/coviran-granada_logopositivo.png,#C2213C
GIR,RMB,Visitante,Jor. 4,42,8,8,7,39,15,1,7,2,6,8,0,11,2,3,14,2,1,5,22,61,6,20,10,69,20,0,12,1,29,104083,Bàsquet Girona,https://static.acb.com/img/www/clubes2023/BASQUET-GIRONA-Logonegativo2223.png,#D5001E,Real Madrid,https://static.acb.com/img/www/clubes2023/RealMadridLogo202223.png,#FFFFFF
GIR,UCM,Local,Jor. 5,31,4,5,7,18,26,3,11,3,21,18,0,11,0,24,23,3,4,5,31,31,3,6,8,16,28,0,20,1,32,104088,Bàsquet Girona,https://static.acb.com/img/www/clubes2023/BASQUET-GIRONA-Logonegativo2223.png,#D5001E,UCAM Murcia,https://static.acb.com/img/www/clubes2024/2425UCAMMurcianegativo.png,#A51A14
GIR,JOV,Visitante,Jor. 6,21,2,2,6,11,24,4,10,5,30,23,2,8,0,16,12,0,3,10,10,29,6,20,8,38,42,1,11,5,50,104097,Bàsquet Girona,https://static.acb.com/img/www/clubes2023/BASQUET-GIRONA-Logonegativo2223.png,#D5001E,Joventut Badalona,https://static.acb.com/img/e/53/16/1453195579.png,#2F8E62
GIR,SBB,Local,Jor. 7,39,4,11,11,41,40,7,11,2,37,21,1,13,0,24,24,3,4,7,20,27,3,10,7,13,43,1,19,1,49,104110,Bàsquet Girona,https://static.acb.com/img/www/clubes2023/BASQUET-GIRONA-Logonegativo2223.png,#D5001E,Surne Bilbao Basket,https://static.acb.com/img/www/clubes2022/logo_surnebb_neg.png,#000000
GIR,DGC,Visitante,Jor. 8,35,5,10,8,42,38,5,12,7,38,11,0,9,1,12,21,4,3,4,26,42,6,12,14,49,26,3,10,2,20,104120,Bàsquet Girona,https://static.acb.com/img/www/clubes2023/BASQUET-GIRONA-Logonegativo2223.png,#D5001E,Dreamland Gran Canaria,https://static.acb.com/img/25/56/4a/75557.png,#FFB718
GIR,MBA,Local,Jor. 9,46,3,6,9,44,21,3,12,7,10,18,0,16,0,28,18,2,6,14,27,52,7,11,3,40,28,3,15,2,37,104127,Bàsquet Girona,https://static.acb.com/img/www/clubes2023/BASQUET-GIRONA-Logonegativo2223.png,#D5001E,MoraBanc Andorra,https://static.acb.com/img/10/45/4d/75539.png,#0165BA
GIR,VBC,Visitante,Jor. 10,36,5,4,13,25,25,5,12,3,18,17,0,14,0,30,38,6,6,17,48,25,5,11,2,27,35,4,18,6,44,104136,Bàsquet Girona,https://static.acb.com/img/www/clubes2023/BASQUET-GIRONA-Logonegativo2223.png,#D5001E,Valencia Basket,https://static.acb.com/img/23/2/25/1654748673.png,#FC6C0F
GIR,COR,Local,Jor. 11,21,2,3,9,8,46,3,13,7,42,14,0,5,0,23,25,5,5,9,29,35,2,10,6,42,38,2,19,9,47,104144,Bàsquet Girona,https://static.acb.com/img/www/clubes2023/BASQUET-GIRONA-Logonegativo2223.png,#D5001E,Leyma Coruña,https://static.acb.com/img/www/clubes2024/2425BCoruna.png,#E85204
GIR,BRE,Visitante,Jor. 12,35,5,12,10,39,34,6,18,4,31,5,0,6,3,4,28,3,5,5,26,22,3,10,11,25,27,2,12,1,31,104151,Bàsquet Girona,https://static.acb.com/img/www/clubes2023/BASQUET-GIRONA-Logonegativo2223.png,#D5001E,Río Breogán,https://static.acb.com/logos/1718/breogan_00.png,#85ADEA
GIR,CAZ,Visitante,Jor. 13,21,2,7,4,11,29,4,14,5,24,18,1,11,2,16,15,0,4,12,22,36,4,19,6,38,54,2,23,6,74,104166,Bàsquet Girona,https://static.acb.com/img/www/clubes2023/BASQUET-GIRONA-Logonegativo2223.png,#D5001E,Casademont Zaragoza,https://static.acb.com/img/www/clubes2024/2425CasademontZaragoza.png,#C8102E
GIR,BAR,Local,Jor. 14,46,6,4,9,41,25,4,17,9,37,11,0,8,2,14,8,1,10,10,15,46,11,11,9,40,36,0,13,2,45,104175,Bàsquet Girona,https://static.acb.com/img/www/clubes2023/BASQUET-GIRONA-Logonegativo2223.png,#D5001E,Barça,https://static.acb.com/img/www/clubes2024/2324BarcaLogoweb.png,#154284
GIR,HIO,Visitante,Jor. 15,39,4,5,10,42,38,7,15,5,35,11,0,3,0,6,26,2,4,7,34,36,3,17,8,31,23,1,13,2,16,104179,Bàsquet Girona,https://static.acb.com/img/www/clubes2023/BASQUET-GIRONA-Logonegativo2223.png,#D5001E,Hiopos Lleida,https://static.acb.com/img/www/clubes2024/2425HioposLleida_positivo.png,#AB1254
GIR,BKN,Local,Jor. 16,30,3,3,15,34,25,3,25,2,36,34,0,6,1,38,14,2,5,5,14,37,6,6,5,18,16,0,14,3,20,104194,Bàsquet Girona,https://static.acb.com/img/www/clubes2023/BASQUET-GIRONA-Logonegativo2223.png,#D5001E,Baskonia,https://static.acb.com/logos/1718/baskonia_00.png,#C8102E
HIO,Todos,Todas,All Jor.,10,1,3,5,14,47,6,13,10,45,21,3,10,2,17,19,2,5,8,23,38,6,13,7,36,31,2,16,3,36,NA,Hiopos Lleida,https://static.acb.com/img/www/clubes2024/2425HioposLleida_positivo.png,#AB1254,NA,NA,NA
HIO,Todos,Todas Local,All Jor.,11,0,3,6,16,48,7,15,9,45,22,3,9,2,16,16,2,5,7,16,36,5,13,6,31,29,2,15,2,34,NA,Hiopos Lleida,https://static.acb.com/img/www/clubes2024/2425HioposLleida_positivo.png,#AB1254,NA,NA,NA
HIO,Todos,Todas  Visitante,All Jor.,10,1,2,4,13,46,6,12,12,45,21,3,11,2,17,21,3,5,9,29,40,6,13,7,39,32,2,16,3,38,NA,Hiopos Lleida,https://static.acb.com/img/www/clubes2024/2425HioposLleida_positivo.png,#AB1254,NA,NA,NA
HIO,CAZ,Visitante,Jor. 1,4,0,2,1,5,53,9,15,13,61,16,3,5,1,8,24,1,7,12,37,30,5,12,4,8,47,4,24,3,61,104058,Hiopos Lleida,https://static.acb.com/img/www/clubes2024/2425HioposLleida_positivo.png,#AB1254,Casademont Zaragoza,https://static.acb.com/img/www/clubes2024/2425CasademontZaragoza.png,#C8102E
HIO,BAR,Local,Jor. 2,8,0,1,2,10,37,3,13,6,25,19,2,14,1,20,6,0,8,6,2,43,6,12,7,48,29,1,19,2,34,104069,Hiopos Lleida,https://static.acb.com/img/www/clubes2024/2425HioposLleida_positivo.png,#AB1254,Barça,https://static.acb.com/img/www/clubes2024/2324BarcaLogoweb.png,#154284
HIO,UNI,Visitante,Jor. 3,9,1,0,2,8,27,3,10,7,23,12,0,6,2,1,23,4,5,12,39,34,6,12,13,45,44,3,18,6,56,104071,Hiopos Lleida,https://static.acb.com/img/www/clubes2024/2425HioposLleida_positivo.png,#AB1254,Unicaja,https://static.acb.com/img/www/clubes2024/2324UnicajaLogo.png,#3D9C35
HIO,BAX,Local,Jor. 4,10,0,2,5,12,48,5,12,7,40,13,2,3,2,4,17,1,3,13,20,19,4,15,4,15,45,5,15,1,48,104084,Hiopos Lleida,https://static.acb.com/img/www/clubes2024/2425HioposLleida_positivo.png,#AB1254,BAXI Manresa,https://static.acb.com/img/5b/60/d/75575.png,#B32836
HIO,BRE,Visitante,Jor. 5,4,0,1,5,6,60,10,17,16,71,10,2,6,1,2,15,2,6,5,21,34,6,12,10,34,28,4,15,3,29,104095,Hiopos Lleida,https://static.acb.com/img/www/clubes2024/2425HioposLleida_positivo.png,#AB1254,Río Breogán,https://static.acb.com/logos/1718/breogan_00.png,#85ADEA
HIO,MBA,Local,Jor. 6,4,0,1,5,4,49,8,18,12,45,25,4,9,0,18,5,1,3,2,5,50,4,24,6,46,15,0,15,1,22,104102,Hiopos Lleida,https://static.acb.com/img/www/clubes2024/2425HioposLleida_positivo.png,#AB1254,MoraBanc Andorra,https://static.acb.com/img/10/45/4d/75539.png,#0165BA
HIO,BKN,Visitante,Jor. 7,3,0,0,7,3,60,8,13,8,49,34,7,15,3,41,22,0,7,5,28,56,10,20,5,62,22,0,11,3,20,104112,Hiopos Lleida,https://static.acb.com/img/www/clubes2024/2425HioposLleida_positivo.png,#AB1254,Baskonia,https://static.acb.com/logos/1718/baskonia_00.png,#C8102E
HIO,RMB,Visitante,Jor. 8,2,0,1,1,6,52,5,10,12,42,20,2,14,2,25,13,1,6,5,18,55,9,15,7,59,17,1,13,3,17,104119,Hiopos Lleida,https://static.acb.com/img/www/clubes2024/2425HioposLleida_positivo.png,#AB1254,Real Madrid,https://static.acb.com/img/www/clubes2023/RealMadridLogo202223.png,#FFFFFF
HIO,COR,Local,Jor. 9,4,0,1,4,9,64,11,14,13,64,31,7,5,3,20,21,2,6,15,31,43,7,12,5,38,42,5,19,6,52,104130,Hiopos Lleida,https://static.acb.com/img/www/clubes2024/2425HioposLleida_positivo.png,#AB1254,Leyma Coruña,https://static.acb.com/img/www/clubes2024/2425BCoruna.png,#E85204
HIO,LLT,Visitante,Jor. 10,7,0,4,2,14,58,11,11,17,58,17,0,6,2,16,30,3,5,14,40,31,5,7,3,26,30,1,12,3,40,104135,Hiopos Lleida,https://static.acb.com/img/www/clubes2024/2425HioposLleida_positivo.png,#AB1254,La Laguna Tenerife,https://static.acb.com/img/www/clubes2024/2425LaLagunaTenerifeLogo.png,#E9CD5F
HIO,SBB,Local,Jor. 11,11,1,8,13,22,49,9,14,8,54,24,2,6,2,12,16,4,4,3,9,24,3,3,6,10,26,1,24,2,43,104149,Hiopos Lleida,https://static.acb.com/img/www/clubes2024/2425HioposLleida_positivo.png,#AB1254,Surne Bilbao Basket,https://static.acb.com/img/www/clubes2022/logo_surnebb_neg.png,#000000
HIO,COV,Local,Jor. 12,11,0,5,6,20,54,8,16,8,54,22,1,16,3,25,5,1,4,2,2,34,7,12,9,27,35,4,12,3,31,104152,Hiopos Lleida,https://static.acb.com/img/www/clubes2024/2425HioposLleida_positivo.png,#AB1254,Coviran Granada,https://static.acb.com/img/www/clubes2023/coviran-granada_logopositivo.png,#C2213C
HIO,JOV,Visitante,Jor. 13,14,1,6,2,17,35,5,11,11,33,23,1,13,1,11,22,3,5,7,25,33,7,16,7,27,37,3,17,1,51,104160,Hiopos Lleida,https://static.acb.com/img/www/clubes2024/2425HioposLleida_positivo.png,#AB1254,Joventut Badalona,https://static.acb.com/img/e/53/16/1453195579.png,#2F8E62
HIO,VBC,Visitante,Jor. 14,20,3,3,4,24,42,5,11,12,40,30,6,17,4,30,25,5,7,17,41,40,6,15,4,36,42,6,19,4,45,104169,Hiopos Lleida,https://static.acb.com/img/www/clubes2024/2425HioposLleida_positivo.png,#AB1254,Valencia Basket,https://static.acb.com/img/23/2/25/1654748673.png,#FC6C0F
HIO,GIR,Local,Jor. 15,26,2,4,7,34,36,3,17,8,31,23,1,13,2,16,39,4,5,10,42,38,7,15,5,35,11,0,3,0,6,104179,Hiopos Lleida,https://static.acb.com/img/www/clubes2024/2425HioposLleida_positivo.png,#AB1254,Bàsquet Girona,https://static.acb.com/img/www/clubes2023/BASQUET-GIRONA-Logonegativo2223.png,#D5001E
HIO,UCM,Visitante,Jor. 16,28,4,3,11,33,29,1,9,8,29,24,2,14,3,22,18,4,0,3,9,45,2,12,10,52,20,0,14,3,23,104191,Hiopos Lleida,https://static.acb.com/img/www/clubes2024/2425HioposLleida_positivo.png,#AB1254,UCAM Murcia,https://static.acb.com/img/www/clubes2024/2425UCAMMurcianegativo.png,#A51A14
JOV,Todos,Todas,All Jor.,15,2,4,7,15,34,5,13,6,32,36,2,16,4,45,20,3,4,7,20,34,5,12,6,31,27,2,16,4,33,NA,Joventut Badalona,https://static.acb.com/img/e/53/16/1453195579.png,#2F8E62,NA,NA,NA
JOV,Todos,Todas Local,All Jor.,14,1,5,6,14,37,6,14,6,37,34,1,16,4,44,18,3,4,6,17,35,6,13,7,33,25,2,14,3,27,NA,Joventut Badalona,https://static.acb.com/img/e/53/16/1453195579.png,#2F8E62,NA,NA,NA
JOV,Todos,Todas  Visitante,All Jor.,17,2,4,8,17,29,4,11,7,24,39,4,16,3,46,23,3,4,8,24,33,4,10,5,28,30,2,19,4,41,NA,Joventut Badalona,https://static.acb.com/img/e/53/16/1453195579.png,#2F8E62,NA,NA,NA
JOV,UCM,Local,Jor. 1,18,2,6,6,19,41,3,14,5,46,32,2,13,7,41,10,2,5,3,5,41,4,5,7,37,25,0,13,5,32,104052,Joventut Badalona,https://static.acb.com/img/e/53/16/1453195579.png,#2F8E62,UCAM Murcia,https://static.acb.com/img/www/clubes2024/2425UCAMMurcianegativo.png,#A51A14
JOV,VBC,Visitante,Jor. 2,16,2,2,7,8,18,3,4,3,1,26,4,22,2,39,17,1,6,9,19,36,2,12,8,38,31,2,23,3,37,104064,Joventut Badalona,https://static.acb.com/img/e/53/16/1453195579.png,#2F8E62,Valencia Basket,https://static.acb.com/img/23/2/25/1654748673.png,#FC6C0F
JOV,CAZ,Visitante,Jor. 3,27,3,5,7,33,37,4,10,8,47,31,3,12,3,15,31,3,5,11,36,19,2,8,3,-1,46,6,23,3,57,104077,Joventut Badalona,https://static.acb.com/img/e/53/16/1453195579.png,#2F8E62,Casademont Zaragoza,https://static.acb.com/img/www/clubes2024/2425CasademontZaragoza.png,#C8102E
JOV,BRE,Local,Jor. 4,10,1,4,6,7,25,4,14,5,30,35,0,17,3,35,12,1,3,3,7,31,5,19,9,43,33,4,16,4,33,104079,Joventut Badalona,https://static.acb.com/img/e/53/16/1453195579.png,#2F8E62,Río Breogán,https://static.acb.com/logos/1718/breogan_00.png,#85ADEA
JOV,BKN,Visitante,Jor. 5,16,1,6,7,22,31,5,8,9,28,35,3,17,3,47,32,3,3,4,20,30,6,9,2,18,17,2,21,8,43,104089,Joventut Badalona,https://static.acb.com/img/e/53/16/1453195579.png,#2F8E62,Baskonia,https://static.acb.com/logos/1718/baskonia_00.png,#C8102E
JOV,GIR,Local,Jor. 6,12,0,3,10,10,29,6,20,8,38,42,1,11,5,50,21,2,2,6,11,24,4,10,5,30,23,2,8,0,16,104097,Joventut Badalona,https://static.acb.com/img/e/53/16/1453195579.png,#2F8E62,Bàsquet Girona,https://static.acb.com/img/www/clubes2023/BASQUET-GIRONA-Logonegativo2223.png,#D5001E
JOV,UNI,Local,Jor. 7,11,0,9,6,17,44,8,15,5,34,20,0,12,6,33,19,3,1,9,18,20,1,7,5,21,40,4,22,5,42,104109,Joventut Badalona,https://static.acb.com/img/e/53/16/1453195579.png,#2F8E62,Unicaja,https://static.acb.com/img/www/clubes2024/2324UnicajaLogo.png,#3D9C35
JOV,SBB,Visitante,Jor. 8,11,2,0,8,8,45,5,14,11,52,39,3,19,8,54,25,2,3,4,28,26,4,6,7,16,28,1,19,1,34,104122,Joventut Badalona,https://static.acb.com/img/e/53/16/1453195579.png,#2F8E62,Surne Bilbao Basket,https://static.acb.com/img/www/clubes2022/logo_surnebb_neg.png,#000000
JOV,RMB,Local,Jor. 9,18,0,6,4,9,30,5,12,6,28,32,0,20,3,45,19,2,7,6,26,42,9,14,7,26,15,2,13,3,21,104132,Joventut Badalona,https://static.acb.com/img/e/53/16/1453195579.png,#2F8E62,Real Madrid,https://static.acb.com/img/www/clubes2023/RealMadridLogo202223.png,#FFFFFF
JOV,COV,Visitante,Jor. 10,14,1,4,4,13,23,3,13,2,9,40,2,16,4,51,19,4,4,4,22,44,7,15,8,46,24,1,18,5,27,104139,Joventut Badalona,https://static.acb.com/img/e/53/16/1453195579.png,#2F8E62,Coviran Granada,https://static.acb.com/img/www/clubes2023/coviran-granada_logopositivo.png,#C2213C
JOV,LLT,Local,Jor. 11,24,4,2,8,22,42,7,12,7,53,27,1,14,5,31,33,6,2,15,35,31,8,21,2,35,22,1,13,6,31,104146,Joventut Badalona,https://static.acb.com/img/e/53/16/1453195579.png,#2F8E62,La Laguna Tenerife,https://static.acb.com/img/www/clubes2024/2425LaLagunaTenerifeLogo.png,#E9CD5F
JOV,COR,Visitante,Jor. 12,16,2,3,10,15,24,6,15,6,11,54,8,12,1,62,16,3,1,14,17,30,3,12,2,33,39,0,16,3,50,104155,Joventut Badalona,https://static.acb.com/img/e/53/16/1453195579.png,#2F8E62,Leyma Coruña,https://static.acb.com/img/www/clubes2024/2425BCoruna.png,#E85204
JOV,HIO,Local,Jor. 13,22,3,5,7,25,33,7,16,7,27,37,3,17,1,51,14,1,6,2,17,35,5,11,11,33,23,1,13,1,11,104160,Joventut Badalona,https://static.acb.com/img/e/53/16/1453195579.png,#2F8E62,Hiopos Lleida,https://static.acb.com/img/www/clubes2024/2425HioposLleida_positivo.png,#AB1254
JOV,DGC,Local,Jor. 14,11,1,4,7,18,42,6,13,7,34,36,4,21,6,45,15,3,3,6,16,35,5,14,11,34,28,3,11,2,35,104170,Joventut Badalona,https://static.acb.com/img/e/53/16/1453195579.png,#2F8E62,Dreamland Gran Canaria,https://static.acb.com/img/25/56/4a/75557.png,#FFB718
JOV,BAR,Visitante,Jor. 15,19,3,7,12,18,27,5,16,8,23,45,6,14,2,54,21,2,9,8,26,43,7,10,5,43,26,3,15,6,38,104183,Joventut Badalona,https://static.acb.com/img/e/53/16/1453195579.png,#2F8E62,Barça,https://static.acb.com/img/www/clubes2024/2324BarcaLogoweb.png,#154284
JOV,MBA,Local,Jor. 16,2,0,2,4,-5,45,9,10,6,46,46,0,17,4,62,20,3,3,8,18,54,9,15,6,41,12,0,19,4,24,104190,Joventut Badalona,https://static.acb.com/img/e/53/16/1453195579.png,#2F8E62,MoraBanc Andorra,https://static.acb.com/img/10/45/4d/75539.png,#0165BA
LLT,Todos,Todas,All Jor.,26,3,4,12,28,33,6,12,4,36,27,1,11,3,34,20,3,4,9,21,33,5,10,6,31,32,2,14,4,36,NA,La Laguna Tenerife,https://static.acb.com/img/www/clubes2024/2425LaLagunaTenerifeLogo.png,#E9CD5F,NA,NA,NA
LLT,Todos,Todas Local,All Jor.,26,3,4,13,32,32,5,11,4,34,29,1,12,3,38,23,3,4,10,27,28,4,9,6,24,33,2,14,3,34,NA,La Laguna Tenerife,https://static.acb.com/img/www/clubes2024/2425LaLagunaTenerifeLogo.png,#E9CD5F,NA,NA,NA
LLT,Todos,Todas  Visitante,All Jor.,26,3,4,11,25,34,7,14,4,37,25,1,11,4,30,16,2,3,9,15,37,5,10,6,39,30,2,13,4,37,NA,La Laguna Tenerife,https://static.acb.com/img/www/clubes2024/2425LaLagunaTenerifeLogo.png,#E9CD5F,NA,NA,NA
LLT,BKN,Local,Jor. 1,16,4,2,10,17,36,4,14,4,46,28,0,13,2,37,12,1,4,6,10,40,6,13,7,35,28,4,12,2,27,104057,La Laguna Tenerife,https://static.acb.com/img/www/clubes2024/2425LaLagunaTenerifeLogo.png,#E9CD5F,Baskonia,https://static.acb.com/logos/1718/baskonia_00.png,#C8102E
LLT,BRE,Visitante,Jor. 2,23,2,2,9,17,29,6,12,4,31,27,0,11,3,34,21,3,2,10,27,27,4,8,8,21,30,1,14,1,34,104062,La Laguna Tenerife,https://static.acb.com/img/www/clubes2024/2425LaLagunaTenerifeLogo.png,#E9CD5F,Río Breogán,https://static.acb.com/logos/1718/breogan_00.png,#85ADEA
LLT,BAR,Local,Jor. 3,10,2,4,14,17,32,7,10,4,33,39,1,9,2,46,34,5,5,15,38,29,6,11,3,39,32,3,9,6,32,104078,La Laguna Tenerife,https://static.acb.com/img/www/clubes2024/2425LaLagunaTenerifeLogo.png,#E9CD5F,Barça,https://static.acb.com/img/www/clubes2024/2324BarcaLogoweb.png,#154284
LLT,COV,Visitante,Jor. 4,10,1,1,10,2,38,7,11,3,45,35,0,12,1,44,8,1,2,11,11,42,7,8,4,35,25,1,10,2,24,104085,La Laguna Tenerife,https://static.acb.com/img/www/clubes2024/2425LaLagunaTenerifeLogo.png,#E9CD5F,Coviran Granada,https://static.acb.com/img/www/clubes2023/coviran-granada_logopositivo.png,#C2213C
LLT,DGC,Local,Jor. 5,26,2,2,16,34,22,4,6,2,20,34,1,17,3,47,15,3,3,7,15,29,3,10,3,26,30,4,15,2,32,104093,La Laguna Tenerife,https://static.acb.com/img/www/clubes2024/2425LaLagunaTenerifeLogo.png,#E9CD5F,Dreamland Gran Canaria,https://static.acb.com/img/25/56/4a/75557.png,#FFB718
LLT,VBC,Visitante,Jor. 6,30,3,3,11,29,29,7,8,1,28,22,1,11,1,27,19,1,8,12,18,37,7,4,2,36,40,3,19,8,59,104101,La Laguna Tenerife,https://static.acb.com/img/www/clubes2024/2425LaLagunaTenerifeLogo.png,#E9CD5F,Valencia Basket,https://static.acb.com/img/23/2/25/1654748673.png,#FC6C0F
LLT,COR,Visitante,Jor. 7,42,6,8,10,54,25,5,22,8,31,20,1,9,4,23,7,1,1,6,2,26,1,8,1,18,29,1,12,10,39,104113,La Laguna Tenerife,https://static.acb.com/img/www/clubes2024/2425LaLagunaTenerifeLogo.png,#E9CD5F,Leyma Coruña,https://static.acb.com/img/www/clubes2024/2425BCoruna.png,#E85204
LLT,BAX,Local,Jor. 8,36,4,8,13,39,21,3,7,2,19,37,1,12,6,50,42,4,6,13,48,5,1,3,4,-9,39,1,21,5,48,104117,La Laguna Tenerife,https://static.acb.com/img/www/clubes2024/2425LaLagunaTenerifeLogo.png,#E9CD5F,BAXI Manresa,https://static.acb.com/img/5b/60/d/75575.png,#B32836
LLT,UNI,Visitante,Jor. 9,16,1,1,8,7,29,7,14,5,35,36,3,13,5,45,16,1,3,13,24,41,1,15,4,47,27,4,10,2,23,104124,La Laguna Tenerife,https://static.acb.com/img/www/clubes2024/2425LaLagunaTenerifeLogo.png,#E9CD5F,Unicaja,https://static.acb.com/img/www/clubes2024/2324UnicajaLogo.png,#3D9C35
LLT,HIO,Local,Jor. 10,30,3,5,14,40,31,5,7,3,26,30,1,12,3,40,7,0,4,2,14,58,11,11,17,58,17,0,6,2,16,104135,La Laguna Tenerife,https://static.acb.com/img/www/clubes2024/2425LaLagunaTenerifeLogo.png,#E9CD5F,Hiopos Lleida,https://static.acb.com/img/www/clubes2024/2425HioposLleida_positivo.png,#AB1254
LLT,JOV,Visitante,Jor. 11,33,6,2,15,35,31,8,21,2,35,22,1,13,6,31,24,4,2,8,22,42,7,12,7,53,27,1,14,5,31,104146,La Laguna Tenerife,https://static.acb.com/img/www/clubes2024/2425LaLagunaTenerifeLogo.png,#E9CD5F,Joventut Badalona,https://static.acb.com/img/e/53/16/1453195579.png,#2F8E62
LLT,UCM,Local,Jor. 12,33,3,2,8,29,34,5,20,7,44,15,0,9,2,22,31,5,4,8,35,13,2,7,7,5,30,1,17,0,31,104153,La Laguna Tenerife,https://static.acb.com/img/www/clubes2024/2425LaLagunaTenerifeLogo.png,#E9CD5F,UCAM Murcia,https://static.acb.com/img/www/clubes2024/2425UCAMMurcianegativo.png,#A51A14
LLT,MBA,Visitante,Jor. 13,26,2,7,13,31,43,8,11,2,45,23,2,8,4,21,19,5,2,9,12,34,5,9,7,37,30,2,14,1,37,104164,La Laguna Tenerife,https://static.acb.com/img/www/clubes2024/2425LaLagunaTenerifeLogo.png,#E9CD5F,MoraBanc Andorra,https://static.acb.com/img/10/45/4d/75539.png,#0165BA
LLT,CAZ,Local,Jor. 14,31,5,2,11,40,49,9,13,4,54,26,1,5,3,30,29,4,3,14,40,23,3,7,6,11,52,4,18,4,58,104174,La Laguna Tenerife,https://static.acb.com/img/www/clubes2024/2425LaLagunaTenerifeLogo.png,#E9CD5F,Casademont Zaragoza,https://static.acb.com/img/www/clubes2024/2425CasademontZaragoza.png,#C8102E
LLT,SBB,Local,Jor. 15,29,3,3,15,36,34,5,9,3,33,23,1,15,1,32,13,2,3,11,16,28,4,8,4,26,34,1,16,1,31,104182,La Laguna Tenerife,https://static.acb.com/img/www/clubes2024/2425LaLagunaTenerifeLogo.png,#E9CD5F,Surne Bilbao Basket,https://static.acb.com/img/www/clubes2022/logo_surnebb_neg.png,#000000
LLT,RMB,Visitante,Jor. 16,24,4,8,15,26,46,10,14,5,49,16,1,10,4,14,15,2,6,4,6,47,6,19,14,65,34,2,12,5,50,104195,La Laguna Tenerife,https://static.acb.com/img/www/clubes2024/2425LaLagunaTenerifeLogo.png,#E9CD5F,Real Madrid,https://static.acb.com/img/www/clubes2023/RealMadridLogo202223.png,#FFFFFF
MBA,Todos,Todas,All Jor.,17,3,4,9,18,47,6,12,5,40,23,1,16,2,32,23,3,5,9,26,38,6,11,7,36,30,2,15,4,34,NA,MoraBanc Andorra,https://static.acb.com/img/10/45/4d/75539.png,#0165BA,NA,NA,NA
MBA,Todos,Todas Local,All Jor.,17,3,4,8,19,44,5,9,5,35,24,2,17,2,35,20,3,5,10,25,39,6,10,6,38,31,3,15,5,34,NA,MoraBanc Andorra,https://static.acb.com/img/10/45/4d/75539.png,#0165BA,NA,NA,NA
MBA,Todos,Todas  Visitante,All Jor.,16,3,5,10,17,49,6,15,5,45,22,1,15,2,29,26,3,5,8,27,38,6,12,7,35,28,1,15,2,33,NA,MoraBanc Andorra,https://static.acb.com/img/10/45/4d/75539.png,#0165BA,NA,NA,NA
MBA,DGC,Local,Jor. 1,18,3,6,6,18,44,5,11,1,29,9,0,17,0,7,22,4,5,7,25,30,3,7,6,31,39,3,18,6,52,104054,MoraBanc Andorra,https://static.acb.com/img/10/45/4d/75539.png,#0165BA,Dreamland Gran Canaria,https://static.acb.com/img/25/56/4a/75557.png,#FFB718
MBA,BKN,Visitante,Jor. 2,17,4,4,14,18,48,8,12,5,50,30,1,19,2,34,20,3,5,8,19,49,9,15,6,50,22,0,12,4,30,104061,MoraBanc Andorra,https://static.acb.com/img/10/45/4d/75539.png,#0165BA,Baskonia,https://static.acb.com/logos/1718/baskonia_00.png,#C8102E
MBA,COR,Local,Jor. 3,22,4,3,11,29,48,6,8,5,49,42,5,19,4,51,23,4,3,11,33,38,7,12,5,17,26,4,17,5,28,104072,MoraBanc Andorra,https://static.acb.com/img/10/45/4d/75539.png,#0165BA,Leyma Coruña,https://static.acb.com/img/www/clubes2024/2425BCoruna.png,#E85204
MBA,VBC,Visitante,Jor. 4,21,5,4,10,26,49,7,9,4,44,18,0,16,3,26,31,6,7,6,32,28,3,8,6,23,30,3,26,6,35,104086,MoraBanc Andorra,https://static.acb.com/img/10/45/4d/75539.png,#0165BA,Valencia Basket,https://static.acb.com/img/23/2/25/1654748673.png,#FC6C0F
MBA,COV,Local,Jor. 5,16,2,3,15,25,42,4,7,3,26,29,0,19,3,59,11,1,4,5,11,30,4,13,7,16,30,2,14,4,30,104090,MoraBanc Andorra,https://static.acb.com/img/10/45/4d/75539.png,#0165BA,Coviran Granada,https://static.acb.com/img/www/clubes2023/coviran-granada_logopositivo.png,#C2213C
MBA,HIO,Visitante,Jor. 6,5,1,3,2,5,50,4,24,6,46,15,0,15,1,22,4,0,1,5,4,49,8,18,12,45,25,4,9,0,18,104102,MoraBanc Andorra,https://static.acb.com/img/10/45/4d/75539.png,#0165BA,Hiopos Lleida,https://static.acb.com/img/www/clubes2024/2425HioposLleida_positivo.png,#AB1254
MBA,UCM,Local,Jor. 7,13,2,2,5,7,42,4,10,3,22,16,0,16,2,36,10,1,4,5,10,56,6,12,11,62,17,1,12,3,17,104107,MoraBanc Andorra,https://static.acb.com/img/10/45/4d/75539.png,#0165BA,UCAM Murcia,https://static.acb.com/img/www/clubes2024/2425UCAMMurcianegativo.png,#A51A14
MBA,UNI,Local,Jor. 8,21,5,7,8,23,46,4,10,4,38,22,0,21,1,32,36,6,3,16,44,24,5,7,9,29,46,5,14,6,52,104121,MoraBanc Andorra,https://static.acb.com/img/10/45/4d/75539.png,#0165BA,Unicaja,https://static.acb.com/img/www/clubes2024/2324UnicajaLogo.png,#3D9C35
MBA,GIR,Visitante,Jor. 9,18,2,6,14,27,52,7,11,3,40,28,3,15,2,37,46,3,6,9,44,21,3,12,7,10,18,0,16,0,28,104127,MoraBanc Andorra,https://static.acb.com/img/10/45/4d/75539.png,#0165BA,Bàsquet Girona,https://static.acb.com/img/www/clubes2023/BASQUET-GIRONA-Logonegativo2223.png,#D5001E
MBA,CAZ,Local,Jor. 10,15,3,6,8,25,44,8,5,5,26,20,3,13,2,21,12,0,8,14,26,39,7,7,3,36,39,1,22,4,48,104133,MoraBanc Andorra,https://static.acb.com/img/10/45/4d/75539.png,#0165BA,Casademont Zaragoza,https://static.acb.com/img/www/clubes2024/2425CasademontZaragoza.png,#C8102E
MBA,BAX,Visitante,Jor. 11,14,2,1,11,21,62,5,15,7,68,35,1,12,1,32,47,6,4,12,49,32,4,5,3,29,28,2,12,1,21,104142,MoraBanc Andorra,https://static.acb.com/img/10/45/4d/75539.png,#0165BA,BAXI Manresa,https://static.acb.com/img/5b/60/d/75575.png,#B32836
MBA,BAR,Visitante,Jor. 12,17,3,5,13,9,35,4,15,2,32,27,1,12,1,37,30,5,4,7,36,54,6,14,11,65,21,0,9,4,26,104157,MoraBanc Andorra,https://static.acb.com/img/10/45/4d/75539.png,#0165BA,Barça,https://static.acb.com/img/www/clubes2024/2324BarcaLogoweb.png,#154284
MBA,LLT,Local,Jor. 13,19,5,2,9,12,34,5,9,7,37,30,2,14,1,37,26,2,7,13,31,43,8,11,2,45,23,2,8,4,21,104164,MoraBanc Andorra,https://static.acb.com/img/10/45/4d/75539.png,#0165BA,La Laguna Tenerife,https://static.acb.com/img/www/clubes2024/2425LaLagunaTenerifeLogo.png,#E9CD5F
MBA,SBB,Visitante,Jor. 14,18,1,11,4,14,43,2,16,5,42,13,0,12,1,17,26,1,10,10,37,22,5,11,6,9,34,2,16,1,42,104171,MoraBanc Andorra,https://static.acb.com/img/10/45/4d/75539.png,#0165BA,Surne Bilbao Basket,https://static.acb.com/img/www/clubes2022/logo_surnebb_neg.png,#000000
MBA,BRE,Local,Jor. 15,11,1,2,6,11,54,6,11,10,51,28,2,15,2,38,22,5,4,7,20,49,7,8,9,64,28,4,14,6,28,104180,MoraBanc Andorra,https://static.acb.com/img/10/45/4d/75539.png,#0165BA,Río Breogán,https://static.acb.com/logos/1718/breogan_00.png,#85ADEA
MBA,JOV,Visitante,Jor. 16,20,3,3,8,18,54,9,15,6,41,12,0,19,4,24,2,0,2,4,-5,45,9,10,6,46,46,0,17,4,62,104190,MoraBanc Andorra,https://static.acb.com/img/10/45/4d/75539.png,#0165BA,Joventut Badalona,https://static.acb.com/img/e/53/16/1453195579.png,#2F8E62
RMB,Todos,Todas,All Jor.,16,2,4,6,21,54,8,18,8,56,17,1,13,2,24,20,3,6,6,19,30,4,12,6,25,26,2,15,3,27,NA,Real Madrid,https://static.acb.com/img/www/clubes2023/RealMadridLogo202223.png,#FFFFFF,NA,NA,NA
RMB,Todos,Todas Local,All Jor.,14,2,4,6,19,57,8,17,10,64,19,1,12,2,26,20,3,6,6,20,31,4,12,6,25,24,2,15,4,22,NA,Real Madrid,https://static.acb.com/img/www/clubes2023/RealMadridLogo202223.png,#FFFFFF,NA,NA,NA
RMB,Todos,Todas  Visitante,All Jor.,17,1,4,6,24,51,7,18,6,46,15,1,14,2,22,20,2,5,7,17,30,5,11,6,25,28,2,15,2,33,NA,Real Madrid,https://static.acb.com/img/www/clubes2023/RealMadridLogo202223.png,#FFFFFF,NA,NA,NA
RMB,COR,Visitante,Jor. 1,24,4,4,4,27,42,4,7,6,40,19,1,14,4,31,38,7,4,7,33,24,5,13,9,20,24,1,14,5,29,104060,Real Madrid,https://static.acb.com/img/www/clubes2023/RealMadridLogo202223.png,#FFFFFF,Leyma Coruña,https://static.acb.com/img/www/clubes2024/2425BCoruna.png,#E85204
RMB,CAZ,Local,Jor. 2,20,1,5,9,34,60,5,15,11,75,21,2,13,0,18,38,6,6,9,42,21,3,9,9,10,36,3,11,5,34,104065,Real Madrid,https://static.acb.com/img/www/clubes2023/RealMadridLogo202223.png,#FFFFFF,Casademont Zaragoza,https://static.acb.com/img/www/clubes2024/2425CasademontZaragoza.png,#C8102E
RMB,SBB,Visitante,Jor. 3,16,2,2,8,29,60,10,24,9,46,3,0,10,0,4,16,3,6,4,18,36,4,9,8,30,31,3,18,3,41,104074,Real Madrid,https://static.acb.com/img/www/clubes2023/RealMadridLogo202223.png,#FFFFFF,Surne Bilbao Basket,https://static.acb.com/img/www/clubes2022/logo_surnebb_neg.png,#000000
RMB,GIR,Local,Jor. 4,14,2,1,5,22,61,6,20,10,69,20,0,12,1,29,42,8,8,7,39,15,1,7,2,6,8,0,11,2,3,104083,Real Madrid,https://static.acb.com/img/www/clubes2023/RealMadridLogo202223.png,#FFFFFF,Bàsquet Girona,https://static.acb.com/img/www/clubes2023/BASQUET-GIRONA-Logonegativo2223.png,#D5001E
RMB,BAX,Local,Jor. 5,3,0,2,1,4,65,8,17,11,67,18,0,19,5,37,13,1,8,5,1,25,3,14,5,23,23,1,15,1,8,104092,Real Madrid,https://static.acb.com/img/www/clubes2023/RealMadridLogo202223.png,#FFFFFF,BAXI Manresa,https://static.acb.com/img/5b/60/d/75575.png,#B32836
RMB,UCM,Visitante,Jor. 6,13,0,4,2,15,53,8,20,4,47,19,1,16,3,40,6,1,0,5,-1,32,8,10,9,25,26,1,12,1,25,104105,Real Madrid,https://static.acb.com/img/www/clubes2023/RealMadridLogo202223.png,#FFFFFF,UCAM Murcia,https://static.acb.com/img/www/clubes2024/2425UCAMMurcianegativo.png,#A51A14
RMB,DGC,Local,Jor. 7,20,2,3,9,33,43,8,12,4,42,20,1,11,1,22,12,2,5,5,19,47,8,7,5,28,18,0,20,8,28,104111,Real Madrid,https://static.acb.com/img/www/clubes2023/RealMadridLogo202223.png,#FFFFFF,Dreamland Gran Canaria,https://static.acb.com/img/25/56/4a/75557.png,#FFB718
RMB,HIO,Local,Jor. 8,13,1,6,5,18,55,9,15,7,59,17,1,13,3,17,2,0,1,1,6,52,5,10,12,42,20,2,14,2,25,104119,Real Madrid,https://static.acb.com/img/www/clubes2023/RealMadridLogo202223.png,#FFFFFF,Hiopos Lleida,https://static.acb.com/img/www/clubes2024/2425HioposLleida_positivo.png,#AB1254
RMB,JOV,Visitante,Jor. 9,19,2,7,6,26,42,9,14,7,26,15,2,13,3,21,18,0,6,4,9,30,5,12,6,28,32,0,20,3,45,104132,Real Madrid,https://static.acb.com/img/www/clubes2023/RealMadridLogo202223.png,#FFFFFF,Joventut Badalona,https://static.acb.com/img/e/53/16/1453195579.png,#2F8E62
RMB,UNI,Local,Jor. 10,15,1,6,9,19,66,9,13,8,60,9,0,9,4,11,18,2,5,3,13,25,2,15,8,38,34,1,19,4,33,104141,Real Madrid,https://static.acb.com/img/www/clubes2023/RealMadridLogo202223.png,#FFFFFF,Unicaja,https://static.acb.com/img/www/clubes2024/2324UnicajaLogo.png,#3D9C35
RMB,BRE,Local,Jor. 11,9,2,4,9,15,76,11,20,14,94,21,1,12,2,31,16,1,5,2,8,26,3,13,3,16,27,2,13,3,26,104147,Real Madrid,https://static.acb.com/img/www/clubes2023/RealMadridLogo202223.png,#FFFFFF,Río Breogán,https://static.acb.com/logos/1718/breogan_00.png,#85ADEA
RMB,VBC,Visitante,Jor. 12,11,0,2,9,12,59,7,25,7,69,14,0,13,0,15,29,2,10,14,39,25,4,14,3,18,31,5,10,0,31,104159,Real Madrid,https://static.acb.com/img/www/clubes2023/RealMadridLogo202223.png,#FFFFFF,Valencia Basket,https://static.acb.com/img/23/2/25/1654748673.png,#FC6C0F
RMB,BAR,Local,Jor. 13,20,4,2,7,20,42,6,26,8,47,11,0,10,1,16,16,4,8,5,26,19,3,18,3,16,36,4,19,6,31,104168,Real Madrid,https://static.acb.com/img/www/clubes2023/RealMadridLogo202223.png,#FFFFFF,Barça,https://static.acb.com/img/www/clubes2024/2324BarcaLogoweb.png,#154284
RMB,COV,Visitante,Jor. 14,20,1,6,9,34,40,4,18,3,29,24,1,18,2,35,11,3,5,10,7,36,4,12,4,29,32,1,14,2,37,104177,Real Madrid,https://static.acb.com/img/www/clubes2023/RealMadridLogo202223.png,#FFFFFF,Coviran Granada,https://static.acb.com/img/www/clubes2023/coviran-granada_logopositivo.png,#C2213C
RMB,BKN,Visitante,Jor. 15,17,1,2,6,22,59,10,16,8,64,13,1,12,1,8,20,1,4,8,14,28,3,8,3,26,19,0,15,0,23,104186,Real Madrid,https://static.acb.com/img/www/clubes2023/RealMadridLogo202223.png,#FFFFFF,Baskonia,https://static.acb.com/logos/1718/baskonia_00.png,#C8102E
RMB,LLT,Local,Jor. 16,15,2,6,4,6,47,6,19,14,65,34,2,12,5,50,24,4,8,15,26,46,10,14,5,49,16,1,10,4,14,104195,Real Madrid,https://static.acb.com/img/www/clubes2023/RealMadridLogo202223.png,#FFFFFF,La Laguna Tenerife,https://static.acb.com/img/www/clubes2024/2425LaLagunaTenerifeLogo.png,#E9CD5F
SBB,Todos,Todas,All Jor.,19,2,5,7,22,30,4,8,7,23,33,2,18,2,38,20,2,5,8,22,37,5,13,6,34,26,2,15,3,29,NA,Surne Bilbao Basket,https://static.acb.com/img/www/clubes2022/logo_surnebb_neg.png,#000000,NA,NA,NA
SBB,Todos,Todas Local,All Jor.,20,2,5,6,24,29,4,8,8,24,34,2,19,2,41,19,2,5,7,19,35,4,13,7,30,28,2,14,4,33,NA,Surne Bilbao Basket,https://static.acb.com/img/www/clubes2022/logo_surnebb_neg.png,#000000,NA,NA,NA
SBB,Todos,Todas  Visitante,All Jor.,17,2,5,7,20,31,5,8,7,22,33,2,18,2,36,20,3,5,9,25,39,5,14,5,38,25,1,15,3,26,NA,Surne Bilbao Basket,https://static.acb.com/img/www/clubes2022/logo_surnebb_neg.png,#000000,NA,NA,NA
SBB,BRE,Local,Jor. 1,22,1,2,9,26,28,2,16,7,39,40,4,21,3,45,17,3,4,6,15,28,4,11,5,13,27,2,13,4,23,104059,Surne Bilbao Basket,https://static.acb.com/img/www/clubes2022/logo_surnebb_neg.png,#000000,Río Breogán,https://static.acb.com/logos/1718/breogan_00.png,#85ADEA
SBB,UCM,Visitante,Jor. 2,23,2,8,4,32,27,3,7,7,20,33,2,20,5,37,8,2,1,4,3,56,7,27,8,54,25,0,17,4,21,104063,Surne Bilbao Basket,https://static.acb.com/img/www/clubes2022/logo_surnebb_neg.png,#000000,UCAM Murcia,https://static.acb.com/img/www/clubes2024/2425UCAMMurcianegativo.png,#A51A14
SBB,RMB,Local,Jor. 3,16,3,6,4,18,36,4,9,8,30,31,3,18,3,41,16,2,2,8,29,60,10,24,9,46,3,0,10,0,4,104074,Surne Bilbao Basket,https://static.acb.com/img/www/clubes2022/logo_surnebb_neg.png,#000000,Real Madrid,https://static.acb.com/img/www/clubes2023/RealMadridLogo202223.png,#FFFFFF
SBB,DGC,Visitante,Jor. 4,22,3,3,6,28,16,4,10,4,0,29,2,13,4,29,13,2,6,3,19,46,4,15,7,54,21,3,15,4,23,104081,Surne Bilbao Basket,https://static.acb.com/img/www/clubes2022/logo_surnebb_neg.png,#000000,Dreamland Gran Canaria,https://static.acb.com/img/25/56/4a/75557.png,#FFB718
SBB,VBC,Local,Jor. 5,17,2,5,4,20,44,7,4,12,44,37,4,17,4,43,28,3,8,9,29,35,3,14,6,34,40,6,20,4,45,104094,Surne Bilbao Basket,https://static.acb.com/img/www/clubes2022/logo_surnebb_neg.png,#000000,Valencia Basket,https://static.acb.com/img/23/2/25/1654748673.png,#FC6C0F
SBB,COV,Visitante,Jor. 6,22,1,6,7,33,29,3,9,8,19,33,2,17,4,41,14,2,0,11,23,36,4,9,4,28,22,0,12,3,14,104100,Surne Bilbao Basket,https://static.acb.com/img/www/clubes2022/logo_surnebb_neg.png,#000000,Coviran Granada,https://static.acb.com/img/www/clubes2023/coviran-granada_logopositivo.png,#C2213C
SBB,GIR,Visitante,Jor. 7,24,3,4,7,20,27,3,10,7,13,43,1,19,1,49,39,4,11,11,41,40,7,11,2,37,21,1,13,0,24,104110,Surne Bilbao Basket,https://static.acb.com/img/www/clubes2022/logo_surnebb_neg.png,#000000,Bàsquet Girona,https://static.acb.com/img/www/clubes2023/BASQUET-GIRONA-Logonegativo2223.png,#D5001E
SBB,JOV,Local,Jor. 8,25,2,3,4,28,26,4,6,7,16,28,1,19,1,34,11,2,0,8,8,45,5,14,11,52,39,3,19,8,54,104122,Surne Bilbao Basket,https://static.acb.com/img/www/clubes2022/logo_surnebb_neg.png,#000000,Joventut Badalona,https://static.acb.com/img/e/53/16/1453195579.png,#2F8E62
SBB,CAZ,Visitante,Jor. 9,6,0,2,6,7,32,5,5,8,19,33,3,19,1,33,28,3,9,8,38,27,4,13,4,24,27,0,21,2,36,104126,Surne Bilbao Basket,https://static.acb.com/img/www/clubes2022/logo_surnebb_neg.png,#000000,Casademont Zaragoza,https://static.acb.com/img/www/clubes2024/2425CasademontZaragoza.png,#C8102E
SBB,BKN,Local,Jor. 10,15,0,7,8,25,18,2,7,7,9,34,1,18,0,37,14,2,6,7,9,20,2,9,6,14,35,2,20,5,53,104137,Surne Bilbao Basket,https://static.acb.com/img/www/clubes2022/logo_surnebb_neg.png,#000000,Baskonia,https://static.acb.com/logos/1718/baskonia_00.png,#C8102E
SBB,HIO,Visitante,Jor. 11,16,4,4,3,9,24,3,3,6,10,26,1,24,2,43,11,1,8,13,22,49,9,14,8,54,24,2,6,2,12,104149,Surne Bilbao Basket,https://static.acb.com/img/www/clubes2022/logo_surnebb_neg.png,#000000,Hiopos Lleida,https://static.acb.com/img/www/clubes2024/2425HioposLleida_positivo.png,#AB1254
SBB,BAX,Local,Jor. 12,32,5,6,5,31,27,0,3,7,22,29,1,20,2,38,26,1,7,7,17,22,3,7,2,12,25,2,13,4,23,104158,Surne Bilbao Basket,https://static.acb.com/img/www/clubes2022/logo_surnebb_neg.png,#000000,BAXI Manresa,https://static.acb.com/img/5b/60/d/75575.png,#B32836
SBB,COR,Visitante,Jor. 13,7,1,7,15,17,63,14,13,10,69,30,5,12,1,26,21,5,4,7,21,22,1,11,2,17,36,3,21,6,46,104162,Surne Bilbao Basket,https://static.acb.com/img/www/clubes2022/logo_surnebb_neg.png,#000000,Leyma Coruña,https://static.acb.com/img/www/clubes2024/2425BCoruna.png,#E85204
SBB,MBA,Local,Jor. 14,26,1,10,10,37,22,5,11,6,9,34,2,16,1,42,18,1,11,4,14,43,2,16,5,42,13,0,12,1,17,104171,Surne Bilbao Basket,https://static.acb.com/img/www/clubes2022/logo_surnebb_neg.png,#000000,MoraBanc Andorra,https://static.acb.com/img/10/45/4d/75539.png,#0165BA
SBB,LLT,Visitante,Jor. 15,13,2,3,11,16,28,4,8,4,26,34,1,16,1,31,29,3,3,15,36,34,5,9,3,33,23,1,15,1,32,104182,Surne Bilbao Basket,https://static.acb.com/img/www/clubes2022/logo_surnebb_neg.png,#000000,La Laguna Tenerife,https://static.acb.com/img/www/clubes2024/2425LaLagunaTenerifeLogo.png,#E9CD5F
SBB,UNI,Local,Jor. 16,11,1,4,8,9,33,5,5,6,25,37,3,25,4,46,22,3,4,10,30,24,5,9,10,27,40,2,9,3,43,104187,Surne Bilbao Basket,https://static.acb.com/img/www/clubes2022/logo_surnebb_neg.png,#000000,Unicaja,https://static.acb.com/img/www/clubes2024/2324UnicajaLogo.png,#3D9C35
UCM,Todos,Todas,All Jor.,14,3,3,5,11,37,4,13,9,39,28,1,14,3,30,22,2,5,6,22,33,4,13,4,29,27,2,15,3,34,NA,UCAM Murcia,https://static.acb.com/img/www/clubes2024/2425UCAMMurcianegativo.png,#A51A14,NA,NA,NA
UCM,Todos,Todas Local,All Jor.,11,2,3,4,7,40,5,15,10,45,27,1,14,3,29,23,3,5,6,26,32,5,12,4,27,26,2,16,3,31,NA,UCAM Murcia,https://static.acb.com/img/www/clubes2024/2425UCAMMurcianegativo.png,#A51A14,NA,NA,NA
UCM,Todos,Todas  Visitante,All Jor.,18,3,4,5,16,33,3,10,8,31,28,1,15,2,31,20,2,5,7,18,33,4,14,4,32,29,2,14,3,38,NA,UCAM Murcia,https://static.acb.com/img/www/clubes2024/2425UCAMMurcianegativo.png,#A51A14,NA,NA,NA
UCM,JOV,Visitante,Jor. 1,10,2,5,3,5,41,4,5,7,37,25,0,13,5,32,18,2,6,6,19,41,3,14,5,46,32,2,13,7,41,104052,UCAM Murcia,https://static.acb.com/img/www/clubes2024/2425UCAMMurcianegativo.png,#A51A14,Joventut Badalona,https://static.acb.com/img/e/53/16/1453195579.png,#2F8E62
UCM,SBB,Local,Jor. 2,8,2,1,4,3,56,7,27,8,54,25,0,17,4,21,23,2,8,4,32,27,3,7,7,20,33,2,20,5,37,104063,UCAM Murcia,https://static.acb.com/img/www/clubes2024/2425UCAMMurcianegativo.png,#A51A14,Surne Bilbao Basket,https://static.acb.com/img/www/clubes2022/logo_surnebb_neg.png,#000000
UCM,BKN,Visitante,Jor. 3,24,6,2,7,18,24,3,11,9,27,44,4,19,4,47,18,1,5,6,20,32,4,17,7,37,45,3,11,3,53,104070,UCAM Murcia,https://static.acb.com/img/www/clubes2024/2425UCAMMurcianegativo.png,#A51A14,Baskonia,https://static.acb.com/logos/1718/baskonia_00.png,#C8102E
UCM,CAZ,Local,Jor. 4,16,4,4,7,18,50,6,18,8,63,22,1,13,3,17,26,3,7,1,25,27,2,8,1,13,21,0,17,2,22,104082,UCAM Murcia,https://static.acb.com/img/www/clubes2024/2425UCAMMurcianegativo.png,#A51A14,Casademont Zaragoza,https://static.acb.com/img/www/clubes2024/2425CasademontZaragoza.png,#C8102E
UCM,GIR,Visitante,Jor. 5,23,3,4,5,31,31,3,6,8,16,28,0,20,1,32,31,4,5,7,18,26,3,11,3,21,18,0,11,0,24,104088,UCAM Murcia,https://static.acb.com/img/www/clubes2024/2425UCAMMurcianegativo.png,#A51A14,Bàsquet Girona,https://static.acb.com/img/www/clubes2023/BASQUET-GIRONA-Logonegativo2223.png,#D5001E
UCM,RMB,Local,Jor. 6,6,1,0,5,-1,32,8,10,9,25,26,1,12,1,25,13,0,4,2,15,53,8,20,4,47,19,1,16,3,40,104105,UCAM Murcia,https://static.acb.com/img/www/clubes2024/2425UCAMMurcianegativo.png,#A51A14,Real Madrid,https://static.acb.com/img/www/clubes2023/RealMadridLogo202223.png,#FFFFFF
UCM,MBA,Visitante,Jor. 7,10,1,4,5,10,56,6,12,11,62,17,1,12,3,17,13,2,2,5,7,42,4,10,3,22,16,0,16,2,36,104107,UCAM Murcia,https://static.acb.com/img/www/clubes2024/2425UCAMMurcianegativo.png,#A51A14,MoraBanc Andorra,https://static.acb.com/img/10/45/4d/75539.png,#0165BA
UCM,BRE,Local,Jor. 8,11,3,7,6,16,36,7,10,17,46,32,0,21,1,35,18,1,3,5,18,25,2,22,4,15,20,2,15,2,25,104115,UCAM Murcia,https://static.acb.com/img/www/clubes2024/2425UCAMMurcianegativo.png,#A51A14,Río Breogán,https://static.acb.com/logos/1718/breogan_00.png,#85ADEA
UCM,DGC,Local,Jor. 9,6,2,0,1,2,27,4,7,8,22,30,2,15,3,40,9,1,7,6,9,45,8,14,4,55,29,4,16,4,22,104129,UCAM Murcia,https://static.acb.com/img/www/clubes2024/2425UCAMMurcianegativo.png,#A51A14,Dreamland Gran Canaria,https://static.acb.com/img/25/56/4a/75557.png,#FFB718
UCM,BAR,Visitante,Jor. 10,19,5,3,5,11,34,1,13,6,31,26,2,13,3,31,13,1,8,10,20,27,4,17,3,29,46,4,14,4,52,104140,UCAM Murcia,https://static.acb.com/img/www/clubes2024/2425UCAMMurcianegativo.png,#A51A14,Barça,https://static.acb.com/img/www/clubes2024/2324BarcaLogoweb.png,#154284
UCM,VBC,Local,Jor. 11,15,3,7,5,6,26,2,10,9,32,47,2,13,3,51,43,7,8,11,45,28,8,8,3,20,25,2,18,4,41,104143,UCAM Murcia,https://static.acb.com/img/www/clubes2024/2425UCAMMurcianegativo.png,#A51A14,Valencia Basket,https://static.acb.com/img/23/2/25/1654748673.png,#FC6C0F
UCM,LLT,Visitante,Jor. 12,31,5,4,8,35,13,2,7,7,5,30,1,17,0,31,33,3,2,8,29,34,5,20,7,44,15,0,9,2,22,104153,UCAM Murcia,https://static.acb.com/img/www/clubes2024/2425UCAMMurcianegativo.png,#A51A14,La Laguna Tenerife,https://static.acb.com/img/www/clubes2024/2425LaLagunaTenerifeLogo.png,#E9CD5F
UCM,COV,Local,Jor. 13,9,1,2,4,2,48,4,19,8,62,19,0,11,7,26,15,3,1,2,11,45,8,11,4,38,21,0,13,3,22,104165,UCAM Murcia,https://static.acb.com/img/www/clubes2024/2425UCAMMurcianegativo.png,#A51A14,Coviran Granada,https://static.acb.com/img/www/clubes2023/coviran-granada_logopositivo.png,#C2213C
UCM,UNI,Local,Jor. 14,8,0,5,4,11,41,5,21,15,50,24,0,9,1,19,36,3,8,9,42,12,1,13,5,6,41,6,16,4,44,104173,UCAM Murcia,https://static.acb.com/img/www/clubes2024/2425UCAMMurcianegativo.png,#A51A14,Unicaja,https://static.acb.com/img/www/clubes2024/2324UnicajaLogo.png,#3D9C35
UCM,BAX,Visitante,Jor. 15,11,1,4,2,4,33,3,14,10,39,25,1,11,1,26,15,0,8,9,12,31,4,10,3,27,34,4,23,3,40,104178,UCAM Murcia,https://static.acb.com/img/www/clubes2024/2425UCAMMurcianegativo.png,#A51A14,BAXI Manresa,https://static.acb.com/img/5b/60/d/75575.png,#B32836
UCM,HIO,Local,Jor. 16,18,4,0,3,9,45,2,12,10,52,20,0,14,3,23,28,4,3,11,33,29,1,9,8,29,24,2,14,3,22,104191,UCAM Murcia,https://static.acb.com/img/www/clubes2024/2425UCAMMurcianegativo.png,#A51A14,Hiopos Lleida,https://static.acb.com/img/www/clubes2024/2425HioposLleida_positivo.png,#AB1254
UNI,Todos,Todas,All Jor.,25,3,4,10,31,28,3,11,7,29,35,3,16,4,38,17,2,6,8,19,36,5,12,6,34,28,2,13,4,30,NA,Unicaja,https://static.acb.com/img/www/clubes2024/2324UnicajaLogo.png,#3D9C35,NA,NA,NA
UNI,Todos,Todas Local,All Jor.,26,4,5,11,33,32,3,11,7,35,32,3,16,4,37,19,2,5,7,19,28,4,11,6,26,30,2,12,3,29,NA,Unicaja,https://static.acb.com/img/www/clubes2024/2324UnicajaLogo.png,#3D9C35,NA,NA,NA
UNI,Todos,Todas  Visitante,All Jor.,25,3,4,10,29,24,3,11,7,23,37,3,15,4,38,16,2,6,9,19,43,6,13,6,39,26,1,14,4,32,NA,Unicaja,https://static.acb.com/img/www/clubes2024/2324UnicajaLogo.png,#3D9C35,NA,NA,NA
UNI,GIR,Local,Jor. 1,31,6,4,10,34,28,3,7,3,17,31,3,18,8,48,43,4,7,7,37,13,1,8,1,11,17,0,12,2,10,104053,Unicaja,https://static.acb.com/img/www/clubes2024/2324UnicajaLogo.png,#3D9C35,Bàsquet Girona,https://static.acb.com/img/www/clubes2023/BASQUET-GIRONA-Logonegativo2223.png,#D5001E
UNI,COV,Visitante,Jor. 2,21,1,2,9,25,21,1,15,8,25,42,4,21,5,47,11,3,5,11,19,38,5,12,1,26,19,2,6,2,15,104068,Unicaja,https://static.acb.com/img/www/clubes2024/2324UnicajaLogo.png,#3D9C35,Coviran Granada,https://static.acb.com/img/www/clubes2023/coviran-granada_logopositivo.png,#C2213C
UNI,HIO,Local,Jor. 3,23,4,5,12,39,34,6,12,13,45,44,3,18,6,56,9,1,0,2,8,27,3,10,7,23,12,0,6,2,1,104071,Unicaja,https://static.acb.com/img/www/clubes2024/2324UnicajaLogo.png,#3D9C35,Hiopos Lleida,https://static.acb.com/img/www/clubes2024/2425HioposLleida_positivo.png,#AB1254
UNI,COR,Visitante,Jor. 4,23,3,1,8,24,42,7,13,10,41,25,3,16,3,32,6,1,6,14,10,35,5,11,6,35,42,2,18,9,56,104080,Unicaja,https://static.acb.com/img/www/clubes2024/2324UnicajaLogo.png,#3D9C35,Leyma Coruña,https://static.acb.com/img/www/clubes2024/2425BCoruna.png,#E85204
UNI,BAR,Local,Jor. 5,24,1,4,11,28,47,4,8,4,53,32,2,17,2,31,16,0,8,17,34,35,5,10,3,31,45,3,11,2,36,104096,Unicaja,https://static.acb.com/img/www/clubes2024/2324UnicajaLogo.png,#3D9C35,Barça,https://static.acb.com/img/www/clubes2024/2324BarcaLogoweb.png,#154284
UNI,BAX,Visitante,Jor. 6,23,2,2,7,26,21,0,9,2,4,25,1,10,2,15,22,2,10,14,32,37,6,13,7,50,50,5,13,5,56,104099,Unicaja,https://static.acb.com/img/www/clubes2024/2324UnicajaLogo.png,#3D9C35,BAXI Manresa,https://static.acb.com/img/5b/60/d/75575.png,#B32836
UNI,JOV,Visitante,Jor. 7,19,3,1,9,18,20,1,7,5,21,40,4,22,5,42,11,0,9,6,17,44,8,15,5,34,20,0,12,6,33,104109,Unicaja,https://static.acb.com/img/www/clubes2024/2324UnicajaLogo.png,#3D9C35,Joventut Badalona,https://static.acb.com/img/e/53/16/1453195579.png,#2F8E62
UNI,MBA,Visitante,Jor. 8,36,6,3,16,44,24,5,7,9,29,46,5,14,6,52,21,5,7,8,23,46,4,10,4,38,22,0,21,1,32,104121,Unicaja,https://static.acb.com/img/www/clubes2024/2324UnicajaLogo.png,#3D9C35,MoraBanc Andorra,https://static.acb.com/img/10/45/4d/75539.png,#0165BA
UNI,LLT,Local,Jor. 9,16,1,3,13,24,41,1,15,4,47,27,4,10,2,23,16,1,1,8,7,29,7,14,5,35,36,3,13,5,45,104124,Unicaja,https://static.acb.com/img/www/clubes2024/2324UnicajaLogo.png,#3D9C35,La Laguna Tenerife,https://static.acb.com/img/www/clubes2024/2425LaLagunaTenerifeLogo.png,#E9CD5F
UNI,RMB,Visitante,Jor. 10,18,2,5,3,13,25,2,15,8,38,34,1,19,4,33,15,1,6,9,19,66,9,13,8,60,9,0,9,4,11,104141,Unicaja,https://static.acb.com/img/www/clubes2024/2324UnicajaLogo.png,#3D9C35,Real Madrid,https://static.acb.com/img/www/clubes2023/RealMadridLogo202223.png,#FFFFFF
UNI,DGC,Local,Jor. 11,49,7,6,9,55,23,2,9,4,10,16,1,15,3,18,18,5,4,2,22,35,4,8,10,27,41,4,19,7,49,104145,Unicaja,https://static.acb.com/img/www/clubes2024/2324UnicajaLogo.png,#3D9C35,Dreamland Gran Canaria,https://static.acb.com/img/25/56/4a/75557.png,#FFB718
UNI,BKN,Visitante,Jor. 12,26,4,6,21,39,25,6,10,3,20,39,5,10,2,35,35,2,4,8,34,43,7,13,5,37,10,0,12,1,17,104154,Unicaja,https://static.acb.com/img/www/clubes2024/2324UnicajaLogo.png,#3D9C35,Baskonia,https://static.acb.com/logos/1718/baskonia_00.png,#C8102E
UNI,BRE,Local,Jor. 13,24,5,9,10,30,24,5,16,7,31,38,2,18,5,36,13,1,9,8,9,33,5,6,9,35,31,3,14,3,41,104163,Unicaja,https://static.acb.com/img/www/clubes2024/2324UnicajaLogo.png,#3D9C35,Río Breogán,https://static.acb.com/logos/1718/breogan_00.png,#85ADEA
UNI,UCM,Visitante,Jor. 14,36,3,8,9,42,12,1,13,5,6,41,6,16,4,44,8,0,5,4,11,41,5,21,15,50,24,0,9,1,19,104173,Unicaja,https://static.acb.com/img/www/clubes2024/2324UnicajaLogo.png,#3D9C35,UCAM Murcia,https://static.acb.com/img/www/clubes2024/2425UCAMMurcianegativo.png,#A51A14
UNI,CAZ,Local,Jor. 15,16,3,5,10,20,30,3,13,11,43,39,3,18,2,46,20,3,4,6,18,24,4,20,5,20,27,4,9,3,21,104181,Unicaja,https://static.acb.com/img/www/clubes2024/2324UnicajaLogo.png,#3D9C35,Casademont Zaragoza,https://static.acb.com/img/www/clubes2024/2425CasademontZaragoza.png,#C8102E
UNI,SBB,Visitante,Jor. 16,22,3,4,10,30,24,5,9,10,27,40,2,9,3,43,11,1,4,8,9,33,5,5,6,25,37,3,25,4,46,104187,Unicaja,https://static.acb.com/img/www/clubes2024/2324UnicajaLogo.png,#3D9C35,Surne Bilbao Basket,https://static.acb.com/img/www/clubes2022/logo_surnebb_neg.png,#000000
VBC,Todos,Todas,All Jor.,28,4,7,14,35,35,6,12,4,35,34,4,19,4,39,18,2,4,8,18,37,5,11,6,34,31,2,15,3,37,NA,Valencia Basket,https://static.acb.com/img/23/2/25/1654748673.png,#FC6C0F,NA,NA,NA
VBC,Todos,Todas Local,All Jor.,28,4,8,14,37,36,6,12,4,36,34,4,18,5,41,22,3,3,8,20,37,6,12,6,33,24,1,14,2,30,NA,Valencia Basket,https://static.acb.com/img/23/2/25/1654748673.png,#FC6C0F,NA,NA,NA
VBC,Todos,Todas  Visitante,All Jor.,28,4,6,13,34,34,6,12,4,34,33,5,20,4,36,16,2,5,7,16,37,5,10,8,35,37,2,16,4,45,NA,Valencia Basket,https://static.acb.com/img/23/2/25/1654748673.png,#FC6C0F,NA,NA,NA
VBC,BAX,Visitante,Jor. 1,15,0,7,10,14,38,5,12,3,39,20,1,21,2,17,11,1,5,5,0,32,2,16,3,34,34,2,19,4,43,104055,Valencia Basket,https://static.acb.com/img/23/2/25/1654748673.png,#FC6C0F,BAXI Manresa,https://static.acb.com/img/5b/60/d/75575.png,#B32836
VBC,JOV,Local,Jor. 2,17,1,6,9,19,36,2,12,8,38,31,2,23,3,37,16,2,2,7,8,18,3,4,3,1,26,4,22,2,39,104064,Valencia Basket,https://static.acb.com/img/23/2/25/1654748673.png,#FC6C0F,Joventut Badalona,https://static.acb.com/img/e/53/16/1453195579.png,#2F8E62
VBC,BRE,Visitante,Jor. 3,24,7,7,10,27,34,6,12,6,30,29,6,21,7,36,15,1,1,6,9,38,3,15,5,35,22,1,15,4,35,104076,Valencia Basket,https://static.acb.com/img/23/2/25/1654748673.png,#FC6C0F,Río Breogán,https://static.acb.com/logos/1718/breogan_00.png,#85ADEA
VBC,MBA,Local,Jor. 4,31,6,7,6,32,28,3,8,6,23,30,3,26,6,35,21,5,4,10,26,49,7,9,4,44,18,0,16,3,26,104086,Valencia Basket,https://static.acb.com/img/23/2/25/1654748673.png,#FC6C0F,MoraBanc Andorra,https://static.acb.com/img/10/45/4d/75539.png,#0165BA
VBC,SBB,Visitante,Jor. 5,28,3,8,9,29,35,3,14,6,34,40,6,20,4,45,17,2,5,4,20,44,7,4,12,44,37,4,17,4,43,104094,Valencia Basket,https://static.acb.com/img/23/2/25/1654748673.png,#FC6C0F,Surne Bilbao Basket,https://static.acb.com/img/www/clubes2022/logo_surnebb_neg.png,#000000
VBC,LLT,Local,Jor. 6,19,1,8,12,18,37,7,4,2,36,40,3,19,8,59,30,3,3,11,29,29,7,8,1,28,22,1,11,1,27,104101,Valencia Basket,https://static.acb.com/img/23/2/25/1654748673.png,#FC6C0F,La Laguna Tenerife,https://static.acb.com/img/www/clubes2024/2425LaLagunaTenerifeLogo.png,#E9CD5F
VBC,CAZ,Local,Jor. 7,29,5,8,14,42,57,8,15,3,61,25,5,16,8,29,15,1,3,7,11,32,6,16,10,28,39,0,14,3,40,104108,Valencia Basket,https://static.acb.com/img/23/2/25/1654748673.png,#FC6C0F,Casademont Zaragoza,https://static.acb.com/img/www/clubes2024/2425CasademontZaragoza.png,#C8102E
VBC,BAR,Visitante,Jor. 8,29,4,8,15,39,40,7,11,4,48,30,3,12,4,17,13,0,6,12,26,40,6,4,4,33,49,5,20,7,63,104123,Valencia Basket,https://static.acb.com/img/23/2/25/1654748673.png,#FC6C0F,Barça,https://static.acb.com/img/www/clubes2024/2324BarcaLogoweb.png,#154284
VBC,BKN,Visitante,Jor. 9,37,6,6,23,56,32,5,12,2,36,47,8,21,3,58,23,4,9,8,32,42,8,9,9,35,26,2,13,4,22,104131,Valencia Basket,https://static.acb.com/img/23/2/25/1654748673.png,#FC6C0F,Baskonia,https://static.acb.com/logos/1718/baskonia_00.png,#C8102E
VBC,GIR,Local,Jor. 10,38,6,6,17,48,25,5,11,2,27,35,4,18,6,44,36,5,4,13,25,25,5,12,3,18,17,0,14,0,30,104136,Valencia Basket,https://static.acb.com/img/23/2/25/1654748673.png,#FC6C0F,Bàsquet Girona,https://static.acb.com/img/www/clubes2023/BASQUET-GIRONA-Logonegativo2223.png,#D5001E
VBC,UCM,Visitante,Jor. 11,43,7,8,11,45,28,8,8,3,20,25,2,18,4,41,15,3,7,5,6,26,2,10,9,32,47,2,13,3,51,104143,Valencia Basket,https://static.acb.com/img/23/2/25/1654748673.png,#FC6C0F,UCAM Murcia,https://static.acb.com/img/www/clubes2024/2425UCAMMurcianegativo.png,#A51A14
VBC,RMB,Local,Jor. 12,29,2,10,14,39,25,4,14,3,18,31,5,10,0,31,11,0,2,9,12,59,7,25,7,69,14,0,13,0,15,104159,Valencia Basket,https://static.acb.com/img/23/2/25/1654748673.png,#FC6C0F,Real Madrid,https://static.acb.com/img/www/clubes2023/RealMadridLogo202223.png,#FFFFFF
VBC,DGC,Visitante,Jor. 13,27,1,3,13,27,31,4,10,5,32,36,9,22,3,36,21,1,7,7,27,34,4,13,8,26,42,3,9,0,47,104161,Valencia Basket,https://static.acb.com/img/23/2/25/1654748673.png,#FC6C0F,Dreamland Gran Canaria,https://static.acb.com/img/25/56/4a/75557.png,#FFB718
VBC,HIO,Local,Jor. 14,25,5,7,17,41,40,6,15,4,36,42,6,19,4,45,20,3,3,4,24,42,5,11,12,40,30,6,17,4,30,104169,Valencia Basket,https://static.acb.com/img/23/2/25/1654748673.png,#FC6C0F,Hiopos Lleida,https://static.acb.com/img/www/clubes2024/2425HioposLleida_positivo.png,#AB1254
VBC,COR,Visitante,Jor. 15,25,2,1,13,33,38,6,15,5,30,36,4,24,4,41,9,1,2,8,9,42,5,11,10,43,40,1,25,8,57,104184,Valencia Basket,https://static.acb.com/img/23/2/25/1654748673.png,#FC6C0F,Leyma Coruña,https://static.acb.com/img/www/clubes2024/2425BCoruna.png,#E85204
VBC,COV,Local,Jor. 16,38,8,11,23,57,43,9,15,8,49,39,3,16,3,47,23,4,2,7,27,44,6,12,4,34,27,0,9,7,31,104188,Valencia Basket,https://static.acb.com/img/23/2/25/1654748673.png,#FC6C0F,Coviran Granada,https://static.acb.com/img/www/clubes2023/coviran-granada_logopositivo.png,#C2213C
